OverTime,TotalWorkingYears,JobRole,Age,JobLevel,MaritalStatus,YearsInCurrentRole,MonthlyIncome,YearsWithCurrManager,YearsAtCompany,StockOptionLevel,BusinessTravel,JobInvolvement,Attrition
No,5,Sales Representative,47,B,Single,0,2976,0,0,A,Travel_Frequently,C,No
No,10,Sales Executive,29,B,Divorced,7,8620,4,10,C,Travel_Rarely,B,No
No,10,Manufacturing Director,29,B,Married,7,4319,9,10,B,Non-Travel,C,No
No,10,Human Resources,41,B,Married,2,6430,2,3,B,Non-Travel,A,No
Yes,1,Laboratory Technician,23,A,Married,0,1601,0,0,C,Travel_Rarely,D,Yes
Yes,10,Healthcare Representative,35,B,Married,2,5689,2,10,C,Travel_Frequently,C,No
No,24,Research Director,54,E,Married,2,19406,2,4,B,Travel_Rarely,C,No
Yes,5,Sales Executive,24,B,Divorced,2,4260,3,5,B,Travel_Rarely,C,No
No,2,Sales Representative,20,A,Single,2,2728,2,2,A,Travel_Rarely,C,No
Yes,10,Sales Executive,31,C,Divorced,8,9852,6,10,B,Non-Travel,C,No
No,24,Healthcare Representative,44,C,Married,6,10248,17,22,B,Travel_Rarely,B,No
No,15,Sales Executive,40,C,Married,11,10855,11,12,B,Travel_Rarely,B,No
No,10,Laboratory Technician,49,B,Married,2,4789,2,3,B,Travel_Rarely,B,No
No,6,Research Scientist,44,A,Single,2,3420,3,5,A,Travel_Rarely,C,No
No,6,Laboratory Technician,28,A,Married,5,3196,3,6,D,Travel_Rarely,B,No
No,5,Sales Executive,37,B,Married,2,4189,3,5,C,Travel_Rarely,B,No
No,5,Sales Executive,35,B,Married,2,4601,0,5,A,Travel_Rarely,C,No
No,1,Sales Representative,28,A,Married,0,1052,0,1,A,Travel_Rarely,C,No
No,9,Research Scientist,34,B,Married,2,5484,1,2,B,Travel_Rarely,C,No
No,8,Sales Executive,40,B,Married,7,8396,5,7,B,Travel_Rarely,C,No
No,7,Laboratory Technician,47,A,Single,2,2105,0,2,A,Travel_Rarely,C,No
No,20,Healthcare Representative,50,C,Single,3,10496,3,4,A,Travel_Rarely,B,No
No,1,Laboratory Technician,27,A,Divorced,0,2341,0,1,B,Travel_Rarely,C,No
No,5,Sales Executive,45,B,Married,1,4286,0,1,C,Travel_Frequently,C,Yes
No,10,Research Scientist,30,A,Divorced,4,3761,3,5,B,Travel_Frequently,B,No
No,14,Sales Executive,34,C,Single,8,9888,1,14,A,Travel_Rarely,C,No
No,13,Research Scientist,41,A,Divorced,8,2451,8,9,B,Travel_Rarely,C,No
No,34,Research Director,55,E,Married,0,19038,0,1,D,Travel_Rarely,B,No
No,32,Research Director,50,D,Divorced,4,17399,3,5,B,Travel_Rarely,C,No
No,6,Research Scientist,28,A,Divorced,2,2377,2,2,B,Travel_Rarely,C,No
No,9,Sales Executive,32,C,Single,8,8998,7,9,A,Travel_Frequently,C,No
No,6,Sales Executive,33,B,Divorced,0,7104,2,5,A,Travel_Rarely,C,No
Yes,6,Sales Executive,25,B,Divorced,3,4907,4,5,B,Travel_Rarely,C,No
No,2,Research Scientist,58,A,Divorced,2,2372,2,2,C,Travel_Rarely,C,No
Yes,18,Research Scientist,51,A,Married,0,2461,7,10,D,Travel_Rarely,C,Yes
No,10,Laboratory Technician,32,A,Single,7,4025,7,8,A,Non-Travel,C,No
No,12,Sales Executive,32,B,Single,8,5010,7,11,A,Travel_Rarely,C,No
No,21,Manager,48,D,Married,2,15402,2,3,B,Travel_Rarely,B,No
No,0,Research Scientist,27,A,Married,0,1706,0,0,D,Non-Travel,C,No
Yes,4,Laboratory Technician,32,A,Single,2,3730,2,3,A,Travel_Rarely,B,Yes
No,11,Manufacturing Director,31,B,Single,7,4424,8,11,A,Travel_Rarely,C,No
No,6,Research Scientist,43,A,Divorced,3,2645,4,5,C,Travel_Rarely,D,No
Yes,1,Laboratory Technician,29,A,Married,0,2319,0,1,B,Travel_Rarely,B,Yes
No,5,Research Scientist,28,A,Married,2,2070,4,5,B,Travel_Rarely,C,No
No,2,Sales Representative,29,A,Single,2,2760,2,2,A,Travel_Rarely,A,Yes
No,5,Research Scientist,27,A,Single,2,2045,1,4,A,Travel_Rarely,B,No
No,13,Manufacturing Director,31,B,Married,10,4306,12,13,B,Travel_Rarely,C,No
No,22,Manager,41,D,Married,16,16595,8,18,B,Travel_Rarely,C,No
No,6,Laboratory Technician,24,A,Single,3,3597,2,4,A,Travel_Rarely,C,No
No,16,Sales Executive,35,B,Single,13,4312,8,15,A,Travel_Rarely,B,No
No,16,Laboratory Technician,42,B,Single,0,4272,0,1,A,Travel_Rarely,A,No
No,14,Sales Executive,32,C,Married,8,10400,8,14,A,Travel_Rarely,A,Yes
No,11,Manufacturing Director,48,C,Single,9,7898,8,10,A,Travel_Rarely,C,No
Yes,17,Healthcare Representative,36,B,Married,8,6586,11,16,B,Travel_Rarely,C,No
Yes,12,Manufacturing Director,30,B,Single,0,6877,0,0,A,Travel_Rarely,B,No
Yes,22,Sales Executive,40,D,Single,0,13194,0,1,A,Non-Travel,D,Yes
No,3,Sales Representative,33,A,Single,2,2342,2,2,A,Non-Travel,B,No
No,12,Sales Executive,37,C,Single,3,7428,3,5,A,Travel_Rarely,C,No
No,15,Healthcare Representative,35,B,Married,11,4148,9,14,B,Non-Travel,C,No
No,17,Research Scientist,37,A,Single,12,2115,7,17,A,Travel_Rarely,C,No
Yes,8,Sales Executive,26,B,Single,7,5828,4,8,A,Travel_Rarely,B,Yes
No,6,Sales Executive,34,B,Married,5,5714,3,6,A,Travel_Rarely,C,No
No,7,Laboratory Technician,36,A,Divorced,0,2835,0,1,B,Travel_Rarely,C,No
No,3,Research Scientist,21,A,Single,2,3230,0,3,A,Travel_Rarely,B,No
Yes,6,Research Scientist,29,A,Married,4,2168,3,5,B,Travel_Rarely,A,No
No,13,Sales Executive,31,C,Divorced,7,10793,9,13,B,Travel_Rarely,C,No
No,11,Sales Executive,38,B,Divorced,7,6893,7,7,B,Travel_Rarely,C,No
Yes,23,Manager,54,D,Single,3,17328,4,5,A,Non-Travel,D,No
No,7,Research Scientist,33,A,Married,2,2622,1,3,A,Travel_Rarely,B,No
No,2,Laboratory Technician,20,A,Single,2,3033,2,2,A,Travel_Rarely,B,No
No,36,Research Director,54,D,Married,9,17779,9,10,A,Travel_Rarely,C,No
No,20,Sales Executive,47,B,Single,7,4960,7,7,A,Travel_Rarely,C,No
No,6,Research Scientist,34,A,Single,5,4381,3,6,A,Travel_Rarely,B,No
Yes,1,Research Scientist,22,A,Single,0,2472,0,1,A,Travel_Rarely,C,Yes
No,19,Research Director,50,C,Divorced,11,13269,11,14,D,Travel_Rarely,B,No
No,10,Research Scientist,31,B,Married,8,5003,7,10,A,Travel_Frequently,A,No
No,8,Research Scientist,38,A,Single,0,2619,0,0,A,Travel_Rarely,C,No
No,3,Laboratory Technician,34,A,Divorced,2,2661,2,2,B,Travel_Rarely,C,No
No,9,Manufacturing Director,38,B,Married,7,6261,7,7,B,Travel_Rarely,C,No
Yes,17,Manufacturing Director,38,B,Single,7,5980,12,15,A,Travel_Frequently,D,No
No,16,Research Director,34,D,Divorced,8,17007,9,14,C,Travel_Frequently,C,No
No,14,Sales Executive,46,C,Married,7,7314,7,8,D,Travel_Rarely,C,Yes
No,6,Research Scientist,40,A,Divorced,2,3544,0,4,B,Non-Travel,C,No
No,10,Manufacturing Director,36,B,Married,7,5228,5,9,B,Travel_Rarely,C,No
No,7,Research Scientist,26,A,Single,4,3102,4,6,A,Travel_Frequently,C,Yes
No,10,Research Scientist,38,A,Divorced,2,4771,3,5,C,Travel_Rarely,C,No
No,32,Manager,50,E,Married,5,18200,7,32,B,Travel_Frequently,C,No
Yes,4,Research Scientist,29,A,Single,3,2389,1,4,A,Travel_Rarely,B,Yes
Yes,6,Human Resources,26,A,Married,1,2148,4,5,A,Travel_Rarely,C,Yes
No,7,Laboratory Technician,40,A,Married,3,3377,2,4,B,Travel_Rarely,C,No
Yes,24,Healthcare Representative,58,C,Divorced,0,10552,4,6,B,Travel_Rarely,B,No
No,7,Sales Executive,36,B,Single,0,6653,0,1,A,Non-Travel,C,No
No,12,Human Resources,39,B,Married,3,6389,6,8,B,Travel_Rarely,D,No
Yes,6,Research Scientist,33,A,Single,2,2799,2,3,A,Travel_Rarely,B,No
No,10,Sales Executive,34,B,Single,7,5337,7,10,A,Travel_Rarely,D,No
No,4,Manufacturing Director,27,B,Married,2,4227,2,3,B,Travel_Rarely,C,No
No,18,Manufacturing Director,43,C,Married,7,10820,1,8,B,Travel_Frequently,C,No
No,5,Laboratory Technician,50,A,Married,2,3690,2,3,B,Travel_Rarely,B,No
Yes,7,Sales Executive,28,B,Married,7,6834,7,7,B,Travel_Frequently,B,No
No,9,Research Scientist,40,B,Divorced,8,3319,7,9,C,Travel_Rarely,C,No
No,10,Research Director,32,C,Single,7,11159,7,7,A,Travel_Rarely,C,No
No,0,Laboratory Technician,18,A,Single,0,1611,0,0,A,Non-Travel,C,No
No,1,Laboratory Technician,35,A,Married,0,1281,0,1,C,Non-Travel,B,No
No,27,Research Director,49,D,Married,2,16413,2,4,C,Travel_Rarely,C,No
Yes,8,Sales Representative,34,A,Divorced,2,2579,6,8,C,Travel_Rarely,C,No
No,7,Research Scientist,49,A,Married,2,3580,2,4,B,Travel_Rarely,C,No
No,24,Sales Executive,46,C,Divorced,13,10453,7,24,D,Travel_Rarely,C,No
Yes,1,Research Scientist,20,A,Single,0,2600,0,1,A,Travel_Rarely,B,Yes
No,6,Laboratory Technician,31,A,Single,4,3479,4,5,A,Travel_Frequently,B,Yes
No,10,Sales Executive,30,B,Divorced,7,5304,7,8,B,Travel_Rarely,C,No
No,4,Research Scientist,32,A,Single,2,2439,2,4,A,Travel_Rarely,C,No
No,26,Healthcare Representative,49,C,Single,2,10965,0,5,A,Travel_Rarely,B,No
No,2,Sales Representative,20,A,Single,2,2044,2,2,A,Travel_Rarely,B,Yes
No,9,Research Director,39,C,Single,3,13464,2,4,A,Travel_Rarely,C,No
No,26,Manager,53,E,Divorced,7,18606,7,7,B,Travel_Rarely,C,No
No,9,Research Director,31,D,Single,2,16422,0,3,A,Travel_Rarely,C,No
No,4,Laboratory Technician,29,A,Married,2,3180,2,3,D,Travel_Frequently,C,No
No,18,Research Director,42,C,Married,7,13348,7,13,B,Travel_Rarely,C,No
Yes,25,Healthcare Representative,49,D,Single,1,13964,7,7,A,Travel_Rarely,B,No
No,18,Laboratory Technician,36,A,Single,13,2743,14,17,A,Travel_Rarely,D,Yes
No,8,Research Scientist,38,A,Married,2,2821,2,2,B,Travel_Frequently,C,No
No,0,Research Scientist,18,A,Single,0,1051,0,0,A,Non-Travel,C,No
No,8,Sales Executive,38,B,Single,7,4028,5,7,A,Travel_Rarely,B,No
No,26,Manager,53,E,Divorced,13,19094,8,14,B,Travel_Rarely,C,No
No,19,Sales Executive,41,B,Single,2,6151,9,19,A,Non-Travel,A,No
No,32,Manager,57,D,Divorced,0,14118,0,1,B,Travel_Rarely,B,No
No,7,Research Scientist,58,A,Single,0,2479,0,1,A,Travel_Rarely,C,Yes
Yes,10,Sales Executive,35,B,Married,8,5204,9,10,A,Travel_Rarely,C,No
Yes,10,Research Scientist,32,A,Single,2,3919,7,10,A,Travel_Frequently,A,Yes
Yes,11,Sales Executive,33,C,Single,0,8564,0,0,A,Travel_Rarely,C,Yes
Yes,6,Laboratory Technician,27,A,Single,4,2379,2,5,A,Travel_Frequently,C,No
Yes,18,Manufacturing Director,37,B,Single,0,4197,1,1,A,Travel_Rarely,C,No
No,10,Healthcare Representative,28,C,Single,7,8722,9,10,A,Non-Travel,B,Yes
Yes,6,Research Scientist,35,A,Single,4,4930,4,5,A,Travel_Frequently,B,No
No,23,Research Director,51,E,Single,18,19537,15,20,A,Travel_Rarely,C,No
No,17,Manufacturing Director,35,C,Single,5,10221,6,8,A,Travel_Rarely,C,No
No,12,Manufacturing Director,46,C,Divorced,8,8578,7,9,B,Travel_Rarely,C,No
Yes,10,Sales Executive,36,B,Married,9,5673,7,10,B,Travel_Rarely,B,No
No,6,Laboratory Technician,30,A,Single,3,2720,2,5,A,Travel_Rarely,B,No
No,3,Research Scientist,22,A,Married,2,2773,2,2,A,Travel_Rarely,C,No
No,8,Sales Executive,45,B,Single,3,4850,1,5,A,Travel_Rarely,C,No
No,29,Research Director,54,D,Single,7,17328,7,20,A,Travel_Rarely,C,No
No,16,Research Scientist,34,B,Single,13,4809,10,16,A,Travel_Rarely,C,No
No,7,Sales Executive,27,B,Single,7,4105,7,7,A,Travel_Rarely,C,No
Yes,18,Manufacturing Director,36,B,Single,14,5410,12,16,A,Travel_Rarely,C,No
No,8,Sales Executive,26,B,Married,7,5296,7,8,B,Travel_Rarely,C,No
No,21,Manager,42,E,Married,0,18303,0,1,A,Travel_Rarely,C,No
No,10,Research Scientist,34,A,Married,9,2691,8,10,B,Travel_Rarely,C,No
Yes,9,Sales Executive,35,C,Single,7,9582,7,8,A,Travel_Rarely,C,Yes
No,0,Sales Representative,18,A,Single,0,1200,0,0,A,Travel_Rarely,B,No
No,9,Human Resources,45,C,Married,0,9756,3,5,C,Travel_Rarely,A,No
No,1,Research Scientist,21,A,Single,0,2693,0,1,A,Travel_Rarely,C,Yes
Yes,16,Sales Executive,35,C,Married,2,10377,12,13,B,Non-Travel,B,No
No,13,Healthcare Representative,39,C,Married,4,10920,5,6,B,Non-Travel,C,No
Yes,26,Manager,44,E,Married,2,19513,1,2,B,Travel_Rarely,C,No
No,1,Research Scientist,45,A,Single,0,2274,0,1,A,Travel_Rarely,B,No
Yes,20,Laboratory Technician,41,A,Single,13,4721,17,18,A,Travel_Rarely,C,No
No,16,Sales Executive,34,B,Divorced,1,9725,9,15,B,Travel_Rarely,D,No
No,5,Healthcare Representative,40,B,Married,2,4876,2,3,B,Non-Travel,B,No
Yes,5,Research Scientist,40,A,Single,2,2342,3,4,A,Travel_Rarely,B,No
No,4,Research Scientist,22,A,Single,2,3375,2,3,A,Travel_Rarely,C,No
Yes,20,Sales Executive,50,C,Divorced,2,10854,0,3,B,Travel_Rarely,B,Yes
No,10,Sales Executive,38,C,Single,0,7351,0,1,A,Travel_Rarely,C,No
Yes,6,Sales Executive,27,B,Divorced,5,4647,4,6,C,Travel_Frequently,D,No
Yes,10,Sales Executive,35,B,Single,7,5813,7,10,A,Travel_Rarely,C,Yes
No,19,Research Scientist,38,B,Married,11,4735,9,13,C,Travel_Frequently,C,No
No,9,Sales Representative,45,B,Single,7,6632,1,8,A,Travel_Rarely,A,No
No,8,Sales Executive,33,B,Married,4,9998,2,5,A,Travel_Frequently,C,No
No,1,Research Scientist,31,A,Single,0,1261,0,1,A,Travel_Rarely,B,Yes
No,6,Laboratory Technician,34,B,Married,3,4404,2,4,A,Travel_Rarely,D,No
No,1,Sales Representative,35,A,Married,0,2404,0,1,B,Travel_Rarely,C,No
Yes,9,Laboratory Technician,36,B,Married,2,5562,2,3,B,Travel_Frequently,D,No
Yes,9,Sales Executive,40,C,Single,4,9094,0,5,A,Travel_Rarely,B,Yes
No,6,Human Resources,35,A,Single,4,4323,4,5,A,Travel_Rarely,C,No
No,10,Healthcare Representative,38,B,Single,7,7625,8,9,A,Travel_Rarely,D,No
Yes,12,Laboratory Technician,59,A,Married,0,2670,0,1,D,Travel_Rarely,D,No
No,22,Research Director,40,E,Divorced,7,19436,9,21,B,Travel_Rarely,C,No
No,16,Research Scientist,47,B,Married,7,5467,7,8,B,Non-Travel,C,No
No,10,Sales Executive,35,C,Married,8,7295,6,10,C,Travel_Rarely,C,No
No,6,Laboratory Technician,24,A,Married,2,3162,4,5,A,Non-Travel,B,No
No,4,Research Scientist,38,A,Divorced,2,2610,3,4,D,Travel_Frequently,D,No
No,6,Research Scientist,29,A,Married,4,2703,4,5,B,Travel_Rarely,C,No
No,6,Sales Executive,26,B,Single,3,5326,2,4,A,Travel_Rarely,B,Yes
No,16,Laboratory Technician,36,B,Single,11,5914,7,13,A,Travel_Rarely,C,No
No,1,Research Scientist,32,A,Single,0,2956,0,1,A,Travel_Rarely,C,No
No,5,Manufacturing Director,34,B,Single,2,4033,2,3,A,Travel_Frequently,C,No
Yes,18,Manufacturing Director,40,C,Single,2,7945,3,4,A,Travel_Rarely,C,No
No,28,Research Director,49,E,Married,4,19161,3,5,A,Travel_Frequently,C,No
No,31,Manager,52,D,Married,2,16555,4,5,A,Travel_Rarely,C,No
No,2,Laboratory Technician,32,A,Married,2,2743,2,2,B,Travel_Frequently,B,No
No,7,Healthcare Representative,42,B,Married,5,4523,4,6,D,Travel_Frequently,B,No
No,9,Sales Executive,49,C,Married,8,7654,7,9,C,Travel_Rarely,C,Yes
No,1,Sales Representative,21,A,Single,0,2679,0,1,A,Travel_Rarely,C,Yes
No,16,Sales Executive,41,B,Single,3,6230,10,14,A,Non-Travel,C,No
No,25,Sales Executive,47,D,Married,5,12936,10,23,A,Travel_Frequently,A,Yes
No,1,Laboratory Technician,26,A,Divorced,1,2377,0,1,B,Travel_Rarely,C,Yes
No,26,Manager,52,D,Married,8,17099,8,9,B,Travel_Rarely,C,No
No,6,Research Scientist,27,A,Single,2,3445,4,6,A,Travel_Rarely,C,No
Yes,15,Research Scientist,37,B,Married,11,4449,7,13,C,Non-Travel,C,No
No,6,Manufacturing Director,27,B,Married,2,4298,0,2,B,Travel_Frequently,B,No
No,26,Manager,54,D,Divorced,9,16032,12,14,B,Travel_Frequently,C,No
Yes,4,Human Resources,42,A,Divorced,2,2696,0,3,B,Travel_Rarely,C,No
No,10,Healthcare Representative,34,B,Single,1,6142,3,5,A,Travel_Rarely,C,No
Yes,10,Research Scientist,32,B,Single,7,4998,7,8,A,Travel_Frequently,C,No
No,21,Research Director,40,E,Single,7,19626,9,20,A,Travel_Rarely,B,No
Yes,20,Sales Executive,40,C,Married,13,10475,12,18,B,Travel_Frequently,B,No
No,7,Research Scientist,43,A,Single,2,2438,2,3,A,Non-Travel,C,No
No,8,Laboratory Technician,43,A,Married,2,2258,2,3,B,Travel_Frequently,C,No
No,4,Research Scientist,23,A,Married,2,2073,2,2,B,Travel_Rarely,D,No
Yes,28,Manufacturing Director,52,C,Married,4,7969,4,5,A,Travel_Rarely,B,No
No,14,Sales Executive,32,C,Married,10,10422,7,14,C,Travel_Rarely,C,No
Yes,4,Research Scientist,22,A,Divorced,2,2328,2,4,B,Travel_Rarely,D,No
Yes,9,Laboratory Technician,39,B,Married,8,6472,8,9,B,Non-Travel,C,No
No,10,Sales Executive,39,B,Married,2,5736,2,3,B,Non-Travel,A,No
Yes,4,Research Scientist,31,A,Divorced,2,3065,3,4,B,Non-Travel,C,No
No,11,Sales Executive,29,C,Married,8,7336,10,11,B,Travel_Rarely,B,Yes
Yes,16,Manufacturing Director,44,C,Single,2,10209,2,2,A,Travel_Frequently,C,No
No,10,Laboratory Technician,35,A,Married,0,2258,7,8,B,Travel_Rarely,B,No
No,25,Manager,45,E,Married,0,19202,7,24,B,Travel_Rarely,D,No
No,9,Manufacturing Director,27,C,Married,7,7412,7,9,A,Travel_Rarely,C,No
Yes,7,Laboratory Technician,31,A,Married,2,3722,2,2,B,Travel_Frequently,C,Yes
No,10,Laboratory Technician,35,B,Married,9,3407,8,10,C,Travel_Rarely,D,No
No,15,Research Scientist,33,A,Married,10,2781,10,14,B,Travel_Rarely,C,No
No,2,Laboratory Technician,35,A,Married,2,2376,2,2,B,Travel_Frequently,B,No
No,6,Laboratory Technician,32,A,Single,2,2837,1,6,A,Travel_Rarely,B,No
Yes,7,Sales Executive,32,B,Single,2,9907,2,2,A,Travel_Rarely,B,Yes
No,20,Sales Executive,40,C,Divorced,0,10932,1,1,B,Non-Travel,A,No
Yes,4,Research Scientist,29,A,Married,2,4787,2,2,D,Travel_Rarely,C,Yes
No,5,Laboratory Technician,27,A,Divorced,2,3816,4,5,B,Travel_Rarely,C,No
No,3,Sales Representative,31,A,Married,2,2791,2,2,B,Travel_Frequently,D,No
No,9,Laboratory Technician,44,A,Single,2,3708,4,5,A,Non-Travel,A,No
No,4,Research Scientist,27,A,Married,2,2539,2,4,B,Travel_Rarely,B,No
No,7,Laboratory Technician,26,A,Single,7,2570,7,7,A,Non-Travel,C,No
No,5,Laboratory Technician,36,A,Married,4,2810,2,5,A,Non-Travel,D,No
No,3,Laboratory Technician,26,A,Married,2,2305,2,3,D,Travel_Rarely,A,No
No,34,Manager,52,D,Married,6,16856,16,34,A,Travel_Rarely,B,No
No,18,Sales Executive,53,B,Single,7,8381,10,14,A,Travel_Rarely,C,No
Yes,8,Sales Executive,47,B,Single,4,6397,3,5,A,Travel_Frequently,D,Yes
No,10,Research Scientist,32,B,Divorced,5,5470,6,9,C,Travel_Rarely,C,No
No,6,Sales Executive,46,B,Single,2,7991,2,2,A,Non-Travel,B,No
No,1,Human Resources,24,A,Married,0,1555,0,1,B,Travel_Rarely,A,Yes
No,11,Healthcare Representative,35,C,Single,8,8606,3,11,A,Travel_Rarely,B,No
No,6,Research Scientist,28,A,Married,3,3201,4,5,A,Travel_Rarely,B,No
No,7,Manufacturing Director,34,B,Divorced,0,5121,0,0,B,Travel_Rarely,C,No
Yes,24,Sales Executive,55,D,Single,7,13695,8,19,A,Travel_Rarely,D,Yes
Yes,6,Healthcare Representative,33,B,Married,5,5488,2,6,B,Travel_Frequently,D,No
No,1,Laboratory Technician,26,A,Single,0,2293,1,1,A,Travel_Rarely,A,Yes
No,15,Sales Executive,34,B,Single,9,4759,12,13,A,Travel_Rarely,A,No
No,5,Laboratory Technician,41,A,Divorced,3,2289,4,5,C,Travel_Rarely,C,No
Yes,7,Manufacturing Director,49,B,Divorced,7,6804,7,7,C,Non-Travel,C,No
No,8,Laboratory Technician,33,A,Married,4,3838,2,5,A,Travel_Rarely,B,No
Yes,22,Manager,43,D,Married,13,16064,9,17,B,Travel_Rarely,C,No
No,5,Laboratory Technician,36,A,Married,0,3038,0,1,A,Travel_Rarely,D,No
No,13,Research Scientist,57,B,Married,9,4900,8,12,B,Travel_Rarely,D,No
No,4,Sales Executive,29,B,Married,3,4649,2,4,B,Non-Travel,C,No
No,9,Laboratory Technician,45,B,Married,7,4447,8,9,A,Non-Travel,C,No
No,1,Research Scientist,29,A,Divorced,0,2109,0,1,B,Travel_Rarely,B,No
Yes,8,Manufacturing Director,42,B,Married,3,6062,2,4,B,Travel_Rarely,B,No
Yes,1,Sales Representative,33,A,Single,0,2851,0,1,A,Travel_Rarely,C,Yes
No,23,Manager,48,D,Married,2,15202,2,2,B,Travel_Frequently,B,No
Yes,3,Research Scientist,31,A,Single,2,2657,2,2,A,Travel_Rarely,B,No
No,1,Research Scientist,27,A,Single,1,2318,0,1,A,Travel_Rarely,C,No
Yes,3,Research Scientist,40,A,Divorced,1,3617,0,1,B,Travel_Frequently,C,No
No,13,Sales Executive,54,C,Married,4,10686,0,9,B,Travel_Rarely,B,No
No,8,Sales Executive,30,B,Divorced,3,4115,3,4,D,Travel_Rarely,C,No
No,29,Manager,51,D,Married,6,16307,17,20,B,Travel_Rarely,C,No
Yes,7,Laboratory Technician,29,A,Married,7,2119,7,7,A,Travel_Rarely,A,Yes
No,12,Sales Executive,30,C,Married,9,9419,4,10,B,Travel_Rarely,C,No
Yes,6,Research Scientist,37,A,Divorced,3,2782,3,5,C,Travel_Rarely,C,No
No,11,Research Scientist,29,A,Divorced,5,2514,7,7,B,Travel_Rarely,C,No
No,31,Research Director,55,D,Divorced,7,14732,0,7,C,Travel_Rarely,D,No
Yes,29,Manager,58,D,Married,0,17875,0,1,B,Travel_Rarely,C,No
Yes,20,Laboratory Technician,50,A,Married,8,3221,8,20,D,Travel_Rarely,D,No
No,10,Sales Executive,45,B,Married,7,4385,5,10,B,Non-Travel,B,No
No,5,Research Scientist,28,A,Married,2,2713,2,5,B,Travel_Rarely,C,No
No,9,Research Scientist,32,B,Married,5,4087,2,6,B,Non-Travel,C,No
No,22,Manager,41,E,Married,7,19189,10,22,B,Travel_Rarely,B,No
No,8,Manufacturing Director,32,B,Single,0,9679,0,1,A,Travel_Rarely,B,No
No,5,Research Scientist,41,A,Divorced,0,2107,0,1,B,Non-Travel,B,Yes
No,12,Laboratory Technician,30,B,Single,8,4011,7,12,A,Travel_Frequently,C,No
Yes,25,Manager,43,D,Married,12,16959,12,25,C,Travel_Frequently,C,No
No,7,Research Scientist,35,A,Single,2,2506,2,2,A,Travel_Rarely,D,No
No,27,Manager,47,E,Married,2,19658,0,5,B,Travel_Rarely,C,No
No,3,Sales Representative,29,A,Married,1,2157,2,3,B,Travel_Frequently,C,No
Yes,15,Healthcare Representative,36,C,Married,8,8321,7,12,B,Travel_Rarely,C,No
Yes,21,Research Director,53,D,Married,3,17584,3,5,D,Travel_Rarely,C,No
No,10,Healthcare Representative,44,B,Married,0,5033,2,2,B,Travel_Rarely,D,No
No,8,Laboratory Technician,32,A,Married,0,2370,7,8,B,Travel_Rarely,C,No
No,16,Healthcare Representative,35,B,Divorced,0,5093,0,1,B,Non-Travel,C,No
No,10,Research Scientist,37,B,Married,8,4285,7,10,A,Travel_Rarely,C,No
No,23,Healthcare Representative,51,C,Single,12,7484,8,13,A,Travel_Frequently,B,No
Yes,7,Sales Executive,33,B,Divorced,5,5368,2,6,B,Non-Travel,C,No
No,8,Research Scientist,29,A,Divorced,5,3291,1,7,C,Travel_Frequently,C,No
No,15,Healthcare Representative,40,B,Divorced,11,6377,8,12,D,Travel_Rarely,D,No
No,13,Sales Executive,32,B,Married,8,5484,8,13,B,Travel_Rarely,B,No
No,10,Manufacturing Director,42,B,Married,8,4434,8,9,B,Travel_Rarely,C,No
No,9,Sales Executive,37,B,Divorced,0,6334,0,1,C,Travel_Rarely,B,No
No,14,Sales Executive,41,B,Married,4,4393,4,5,B,Travel_Rarely,C,No
No,25,Research Director,48,E,Single,0,18265,0,1,A,Travel_Rarely,B,No
No,10,Sales Executive,45,B,Married,7,5154,7,8,C,Non-Travel,C,No
Yes,10,Manager,47,C,Married,7,11849,9,10,B,Non-Travel,C,Yes
Yes,6,Sales Executive,38,B,Single,3,5666,3,5,A,Non-Travel,C,No
No,10,Healthcare Representative,35,B,Single,1,6540,0,1,A,Travel_Rarely,B,No
Yes,31,Manager,51,E,Divorced,10,19847,10,29,B,Travel_Frequently,C,No
No,21,Manufacturing Director,39,D,Married,6,12742,8,21,B,Travel_Rarely,B,No
No,17,Healthcare Representative,36,C,Divorced,14,10096,8,17,D,Travel_Rarely,C,No
Yes,18,Research Scientist,52,B,Divorced,9,5577,9,10,C,Travel_Rarely,C,No
No,9,Sales Executive,30,C,Married,2,9250,3,4,B,Travel_Rarely,C,No
No,6,Human Resources,30,A,Divorced,2,2180,2,4,B,Travel_Frequently,B,Yes
No,6,Research Scientist,30,A,Married,4,2141,1,6,B,Travel_Rarely,B,No
No,9,Manufacturing Director,30,C,Single,7,9667,2,7,A,Travel_Rarely,C,No
Yes,5,Laboratory Technician,35,A,Married,2,2660,2,2,B,Travel_Rarely,C,No
Yes,10,Sales Executive,31,B,Married,7,5617,8,10,A,Travel_Frequently,C,Yes
No,19,Sales Representative,39,B,Married,0,2086,0,1,B,Travel_Rarely,C,Yes
No,2,Research Scientist,25,A,Single,2,2096,1,2,A,Travel_Rarely,C,No
No,6,Research Scientist,29,A,Single,5,2340,5,6,A,Travel_Rarely,C,No
No,15,Laboratory Technician,34,B,Divorced,8,4444,10,11,C,Travel_Frequently,C,No
No,10,Manager,33,D,Single,8,17444,0,10,A,Non-Travel,C,No
No,10,Manager,35,C,Divorced,7,11996,2,7,B,Travel_Rarely,D,No
No,3,Laboratory Technician,35,A,Single,0,2450,2,3,A,Travel_Rarely,B,No
Yes,15,Sales Executive,46,C,Married,2,9071,2,3,B,Travel_Rarely,B,No
No,10,Laboratory Technician,40,B,Married,9,6323,4,10,B,Travel_Frequently,C,No
No,22,Sales Executive,60,C,Married,13,10266,11,18,A,Travel_Frequently,B,No
No,22,Manager,45,D,Married,8,16792,8,20,B,Non-Travel,B,No
Yes,6,Manufacturing Director,27,B,Married,2,6142,3,6,B,Travel_Rarely,D,No
No,3,Sales Representative,21,A,Single,2,3447,2,3,A,Travel_Rarely,C,No
No,4,Laboratory Technician,42,A,Married,0,4841,0,1,B,Travel_Rarely,B,No
Yes,6,Research Scientist,34,A,Married,0,2932,2,5,D,Travel_Rarely,D,No
No,13,Sales Representative,31,A,Married,7,2329,2,7,A,Travel_Rarely,B,No
No,13,Laboratory Technician,36,A,Single,7,2088,2,8,A,Travel_Frequently,C,No
No,13,Sales Executive,31,B,Divorced,7,5460,7,7,C,Travel_Rarely,D,No
No,5,Research Scientist,34,A,Divorced,4,2029,0,5,D,Non-Travel,B,No
No,16,Research Director,40,C,Divorced,8,13757,8,9,B,Non-Travel,B,No
No,16,Research Director,51,C,Married,9,12490,7,10,C,Travel_Rarely,B,No
Yes,10,Manufacturing Director,30,B,Single,4,4695,7,8,A,Non-Travel,C,No
No,12,Sales Executive,35,C,Married,9,8020,9,11,C,Travel_Rarely,C,No
No,3,Sales Representative,32,A,Married,2,2269,2,2,B,Travel_Rarely,B,No
No,6,Sales Executive,33,B,Divorced,2,5505,4,6,C,Travel_Rarely,C,No
No,15,Healthcare Representative,40,B,Divorced,4,4448,7,7,B,Travel_Rarely,C,No
Yes,0,Sales Representative,18,A,Single,0,1878,0,0,A,Travel_Frequently,C,Yes
Yes,6,Sales Executive,27,B,Married,4,6349,4,5,B,Non-Travel,C,No
No,10,Sales Executive,42,B,Single,4,6244,3,5,A,Travel_Rarely,B,No
Yes,6,Healthcare Representative,29,B,Divorced,0,6623,0,6,C,Travel_Rarely,C,No
Yes,5,Sales Representative,29,A,Divorced,2,2800,2,3,D,Travel_Rarely,B,Yes
No,28,Sales Executive,46,C,Divorced,7,10096,3,7,B,Travel_Rarely,C,Yes
No,10,Laboratory Technician,36,B,Single,4,5810,8,10,A,Travel_Rarely,B,No
No,10,Manufacturing Director,39,B,Single,2,5042,8,9,A,Travel_Frequently,C,No
No,16,Laboratory Technician,36,A,Single,8,2519,9,11,A,Travel_Rarely,C,No
No,7,Laboratory Technician,34,A,Married,4,3294,2,5,B,Travel_Rarely,B,No
No,2,Sales Representative,31,A,Divorced,2,2789,2,2,B,Travel_Frequently,C,No
No,11,Laboratory Technician,36,B,Married,8,5674,8,9,B,Non-Travel,C,No
No,4,Research Scientist,23,A,Divorced,2,2904,2,4,C,Travel_Rarely,C,No
No,11,Laboratory Technician,40,B,Divorced,7,3975,7,8,C,Non-Travel,C,No
No,18,Laboratory Technician,37,A,Divorced,7,3034,17,18,B,Travel_Rarely,C,No
No,6,Human Resources,36,A,Married,4,2342,3,5,A,Travel_Rarely,B,No
No,11,Healthcare Representative,30,B,Married,10,4152,8,11,D,Travel_Rarely,B,No
No,1,Laboratory Technician,30,A,Divorced,0,2693,0,1,B,Travel_Rarely,C,No
Yes,7,Sales Representative,36,A,Single,2,2644,2,3,A,Travel_Rarely,C,No
No,6,Research Scientist,34,A,Married,0,2979,0,0,D,Non-Travel,B,No
Yes,6,Research Scientist,43,A,Married,0,2437,0,1,B,Travel_Frequently,B,Yes
No,1,Laboratory Technician,21,A,Single,0,1416,0,1,A,Travel_Rarely,B,Yes
No,18,Research Scientist,56,A,Married,4,2942,3,5,B,Travel_Frequently,C,No
No,6,Sales Executive,56,B,Married,0,5380,0,0,B,Travel_Rarely,B,No
No,31,Manager,50,D,Divorced,6,17924,7,31,B,Non-Travel,C,No
No,9,Laboratory Technician,32,B,Single,2,2176,4,6,A,Travel_Rarely,B,No
Yes,17,Research Scientist,38,B,Divorced,11,5329,9,13,D,Non-Travel,A,No
No,9,Healthcare Representative,37,B,Divorced,2,5731,3,6,C,Travel_Rarely,B,No
No,4,Research Scientist,33,A,Single,1,2500,2,3,A,Travel_Rarely,C,No
No,34,Manager,52,E,Married,18,19999,9,33,B,Travel_Rarely,B,No
No,15,Manager,48,C,Married,0,12504,0,0,B,Travel_Rarely,C,No
No,10,Laboratory Technician,28,B,Married,8,6674,5,9,D,Non-Travel,A,No
No,31,Manager,55,D,Single,7,16756,2,9,A,Non-Travel,B,No
No,23,Manager,46,D,Married,12,16606,1,13,B,Travel_Rarely,C,No
No,7,Research Scientist,29,A,Single,2,2058,5,6,A,Travel_Rarely,C,Yes
No,27,Healthcare Representative,48,C,Single,11,10999,8,15,A,Travel_Rarely,B,No
Yes,6,Healthcare Representative,31,B,Married,5,6833,1,6,A,Travel_Rarely,C,No
No,1,Laboratory Technician,35,A,Married,0,2269,1,1,A,Travel_Rarely,D,No
No,6,Research Scientist,27,A,Divorced,3,2187,3,5,C,Travel_Rarely,B,No
Yes,6,Research Scientist,27,A,Married,2,3058,1,5,B,Travel_Rarely,C,No
Yes,12,Sales Executive,41,C,Divorced,7,8189,7,9,B,Travel_Rarely,C,No
Yes,8,Sales Executive,37,B,Divorced,0,6694,0,1,D,Travel_Rarely,B,No
No,3,Laboratory Technician,22,A,Married,1,2523,1,2,B,Travel_Rarely,C,No
No,17,Manufacturing Director,35,C,Single,6,8095,13,16,A,Travel_Rarely,C,No
No,13,Human Resources,38,A,Divorced,10,2592,8,11,D,Non-Travel,C,No
No,14,Manufacturing Director,37,B,Married,8,6474,11,14,B,Travel_Rarely,B,No
No,3,Sales Representative,31,A,Married,2,3067,2,2,B,Travel_Rarely,C,No
Yes,28,Manufacturing Director,47,C,Divorced,11,10333,10,22,B,Travel_Rarely,B,No
No,19,Human Resources,37,B,Divorced,0,4071,7,10,A,Travel_Rarely,C,No
No,6,Research Scientist,27,A,Single,2,2580,2,4,A,Travel_Frequently,C,No
No,8,Sales Executive,27,B,Single,2,5071,0,6,A,Travel_Frequently,A,No
Yes,10,Manufacturing Director,38,C,Single,0,7861,0,1,A,Travel_Rarely,C,No
No,11,Laboratory Technician,34,B,Married,1,5346,7,7,B,Travel_Frequently,C,Yes
No,2,Sales Representative,35,A,Married,2,2014,2,2,A,Travel_Rarely,C,No
No,10,Human Resources,42,B,Married,3,6272,3,4,B,Non-Travel,D,No
Yes,1,Sales Representative,19,A,Single,0,2121,0,1,A,Travel_Rarely,B,Yes
No,10,Sales Executive,32,C,Married,3,9610,2,4,B,Travel_Rarely,A,No
No,30,Sales Executive,53,C,Married,7,7525,12,15,B,Travel_Frequently,B,No
Yes,8,Human Resources,44,A,Divorced,2,3195,2,2,D,Travel_Rarely,C,No
Yes,14,Sales Executive,46,B,Single,6,5772,8,9,A,Travel_Frequently,C,No
No,11,Research Scientist,30,B,Married,8,5775,9,10,C,Travel_Rarely,C,No
Yes,17,Healthcare Representative,55,B,Married,7,6385,7,8,C,Travel_Frequently,C,No
No,12,Research Scientist,45,B,Married,9,3697,8,10,C,Travel_Rarely,C,No
No,10,Healthcare Representative,42,B,Married,2,4089,2,10,C,Travel_Rarely,C,No
Yes,33,Manufacturing Director,56,D,Married,16,13402,9,19,B,Travel_Rarely,C,No
No,7,Manufacturing Director,38,B,Married,2,4855,4,5,C,Travel_Rarely,C,Yes
No,8,Research Scientist,27,A,Married,6,4774,3,7,B,Travel_Frequently,B,No
No,5,Sales Executive,28,B,Married,4,4221,4,5,A,Non-Travel,C,No
Yes,8,Research Scientist,30,A,Single,2,2657,4,5,A,Travel_Rarely,C,Yes
No,7,Human Resources,38,A,Married,6,2844,0,7,B,Travel_Rarely,D,No
No,16,Manufacturing Director,35,C,Married,10,10903,8,13,A,Travel_Rarely,B,No
No,10,Research Director,36,C,Married,7,11713,5,8,B,Non-Travel,D,No
No,7,Manufacturing Director,39,B,Married,4,5295,0,5,A,Travel_Rarely,C,No
Yes,19,Laboratory Technician,44,A,Divorced,0,3161,0,1,B,Travel_Frequently,C,Yes
No,10,Laboratory Technician,29,A,Married,8,3131,8,10,B,Travel_Rarely,C,No
Yes,9,Manufacturing Director,32,B,Married,8,6162,8,9,B,Travel_Rarely,C,No
No,9,Sales Executive,33,B,Single,7,4682,1,7,A,Travel_Frequently,B,No
Yes,10,Manufacturing Director,29,B,Married,7,5056,2,10,B,Travel_Rarely,B,No
Yes,15,Research Scientist,36,B,Married,0,6962,0,1,B,Travel_Rarely,C,No
No,5,Laboratory Technician,32,A,Married,0,2332,2,3,A,Non-Travel,B,No
Yes,6,Sales Executive,33,B,Single,2,8224,3,5,A,Travel_Rarely,C,Yes
Yes,32,Healthcare Representative,50,D,Married,8,11245,13,30,B,Travel_Frequently,C,No
Yes,21,Manager,42,D,Married,8,17861,10,20,A,Non-Travel,C,No
Yes,8,Manufacturing Director,41,B,Single,4,6032,2,5,A,Travel_Rarely,B,No
No,7,Sales Executive,27,B,Single,7,9981,7,7,A,Travel_Frequently,C,No
No,5,Manufacturing Director,25,B,Married,2,4898,2,4,C,Travel_Rarely,C,No
No,5,Sales Executive,28,B,Single,2,4898,3,4,A,Travel_Frequently,C,No
Yes,8,Sales Executive,41,B,Single,4,5993,5,6,A,Travel_Rarely,C,Yes
No,21,Research Director,41,E,Divorced,16,19973,10,21,C,Non-Travel,A,No
No,8,Manufacturing Director,37,B,Married,5,6447,3,6,B,Travel_Rarely,C,No
No,10,Sales Executive,34,B,Single,8,6125,6,10,A,Travel_Rarely,C,No
Yes,6,Sales Executive,27,B,Married,2,5769,4,6,A,Travel_Rarely,B,No
Yes,21,Manager,39,D,Married,9,17068,10,21,A,Travel_Rarely,C,No
Yes,27,Manufacturing Director,53,D,Married,2,12965,2,3,D,Non-Travel,B,No
No,16,Research Director,42,D,Single,0,15992,0,1,A,Travel_Rarely,C,No
No,13,Sales Executive,38,B,Married,7,5249,5,8,B,Non-Travel,B,No
No,20,Laboratory Technician,40,B,Married,0,3448,0,1,B,Travel_Rarely,B,No
No,20,Healthcare Representative,39,C,Single,6,10938,8,19,A,Travel_Frequently,C,No
No,30,Research Director,50,D,Married,3,17639,3,4,A,Travel_Rarely,C,No
No,19,Healthcare Representative,46,B,Single,7,5562,9,10,A,Travel_Rarely,C,No
No,9,Sales Executive,45,B,Married,7,4805,7,8,B,Travel_Rarely,C,No
Yes,1,Laboratory Technician,31,A,Divorced,0,1129,0,1,D,Travel_Rarely,A,No
No,5,Research Scientist,28,A,Single,2,4382,1,2,A,Travel_Rarely,C,Yes
Yes,13,Sales Executive,35,B,Single,9,4581,7,11,A,Travel_Frequently,C,Yes
Yes,8,Laboratory Technician,39,A,Married,2,2404,2,2,A,Travel_Rarely,C,Yes
Yes,6,Sales Representative,24,A,Single,3,3202,4,5,A,Travel_Rarely,C,Yes
No,3,Research Scientist,26,A,Divorced,2,2886,2,3,C,Travel_Rarely,C,No
No,6,Healthcare Representative,25,B,Divorced,3,4000,5,6,C,Non-Travel,D,No
No,24,Laboratory Technician,45,C,Divorced,9,5210,11,24,B,Travel_Frequently,C,No
Yes,5,Healthcare Representative,26,B,Married,3,4741,3,5,B,Travel_Frequently,C,No
Yes,28,Sales Executive,47,D,Divorced,2,13770,13,22,C,Travel_Frequently,C,No
No,15,Sales Executive,36,B,Divorced,12,5406,11,15,B,Non-Travel,A,No
Yes,24,Manager,55,E,Married,2,19859,4,5,B,Travel_Rarely,C,Yes
No,5,Laboratory Technician,38,A,Married,4,3702,4,5,B,Travel_Rarely,B,No
Yes,4,Healthcare Representative,55,B,Married,2,4035,2,3,A,Travel_Rarely,C,No
No,22,Healthcare Representative,40,D,Married,3,13503,11,22,B,Travel_Frequently,B,No
No,6,Sales Executive,29,B,Married,0,5561,2,6,B,Travel_Rarely,C,No
Yes,10,Sales Executive,52,C,Single,7,8446,7,8,A,Travel_Rarely,C,Yes
No,11,Healthcare Representative,29,B,Divorced,0,6384,6,7,C,Travel_Rarely,A,No
No,20,Laboratory Technician,45,B,Divorced,9,2348,15,17,B,Travel_Rarely,C,No
No,1,Laboratory Technician,32,A,Single,0,1393,0,1,A,Travel_Rarely,C,Yes
No,8,Laboratory Technician,33,A,Divorced,3,3408,3,4,D,Travel_Rarely,A,Yes
No,17,Research Scientist,41,B,Divorced,0,3072,0,1,C,Travel_Rarely,C,No
No,23,Manager,49,D,Single,7,15379,0,8,A,Travel_Rarely,C,No
No,8,Research Scientist,55,A,Divorced,2,3537,2,4,B,Travel_Rarely,B,No
No,3,Sales Representative,21,A,Single,2,2610,2,3,A,Non-Travel,C,No
No,17,Sales Executive,49,B,Married,6,5390,8,9,A,Travel_Frequently,B,No
No,21,Healthcare Representative,51,D,Single,7,13734,0,7,A,Travel_Rarely,C,No
No,6,Sales Representative,32,A,Married,3,3931,2,4,B,Travel_Rarely,C,No
Yes,40,Research Director,58,E,Single,15,19246,8,31,A,Travel_Rarely,C,Yes
Yes,23,Sales Executive,44,D,Married,11,13320,11,12,B,Travel_Rarely,D,No
Yes,24,Manufacturing Director,52,D,Married,3,13247,2,5,B,Travel_Frequently,D,No
Yes,9,Human Resources,35,C,Single,0,8837,7,9,A,Travel_Rarely,C,No
No,8,Sales Executive,41,B,Single,7,9355,7,8,A,Travel_Frequently,C,Yes
No,6,Research Scientist,35,A,Single,4,2859,4,6,A,Travel_Rarely,B,No
No,29,Laboratory Technician,49,C,Married,9,7403,7,26,B,Travel_Rarely,C,No
No,10,Sales Representative,37,A,Married,4,2973,0,5,B,Travel_Frequently,C,No
No,5,Laboratory Technician,28,A,Single,0,3485,0,0,A,Travel_Rarely,C,Yes
Yes,9,Research Scientist,35,B,Single,6,4249,1,9,A,Travel_Frequently,C,No
No,12,Laboratory Technician,42,A,Single,9,3673,8,12,A,Travel_Frequently,C,No
Yes,1,Sales Representative,25,A,Single,0,1118,0,1,A,Travel_Frequently,A,Yes
No,3,Laboratory Technician,23,A,Single,2,3295,2,3,A,Travel_Rarely,C,No
No,2,Sales Representative,20,A,Single,1,2678,2,2,A,Travel_Rarely,D,No
No,7,Manufacturing Director,30,B,Married,2,9957,2,6,B,Travel_Rarely,C,No
No,8,Laboratory Technician,40,A,Married,0,2406,0,1,C,Travel_Rarely,C,No
No,1,Sales Representative,21,A,Single,0,2716,0,1,A,Travel_Rarely,D,Yes
No,15,Sales Executive,36,B,Single,0,6815,0,1,A,Travel_Rarely,C,No
No,18,Manufacturing Director,51,C,Single,2,10650,3,4,A,Travel_Frequently,A,Yes
Yes,10,Laboratory Technician,44,A,Married,2,2818,2,3,B,Travel_Rarely,D,No
No,12,Research Scientist,34,B,Divorced,0,4505,0,1,B,Travel_Rarely,B,No
No,18,Manufacturing Director,40,C,Married,15,10435,12,18,C,Travel_Rarely,B,No
No,7,Laboratory Technician,33,A,Single,1,2496,0,1,A,Travel_Rarely,C,No
No,1,Research Scientist,23,A,Married,0,1223,1,1,B,Travel_Rarely,C,No
No,10,Sales Executive,36,C,Married,9,7596,0,10,C,Travel_Rarely,B,No
No,6,Human Resources,45,A,Single,3,2177,4,6,A,Travel_Rarely,C,No
Yes,10,Healthcare Representative,35,C,Married,7,7632,0,8,A,Travel_Rarely,C,No
No,10,Laboratory Technician,30,A,Single,0,2206,8,10,A,Travel_Rarely,B,No
No,12,Research Scientist,32,A,Single,7,2718,7,7,A,Non-Travel,C,No
No,5,Laboratory Technician,56,A,Single,2,2587,0,4,A,Travel_Rarely,C,Yes
No,10,Research Scientist,30,A,Divorced,7,2613,9,10,D,Travel_Frequently,A,No
No,14,Healthcare Representative,34,B,Single,9,5343,9,13,A,Travel_Frequently,B,No
No,7,Sales Executive,28,B,Single,5,5253,7,7,A,Travel_Rarely,C,No
No,15,Sales Executive,45,B,Married,10,5593,12,15,B,Non-Travel,B,No
Yes,17,Manufacturing Director,36,C,Divorced,7,10252,7,7,B,Travel_Rarely,A,No
No,18,Manufacturing Director,36,B,Single,9,7779,9,11,A,Non-Travel,C,No
Yes,6,Research Scientist,44,A,Single,4,2936,2,6,A,Travel_Rarely,C,Yes
No,13,Manufacturing Director,46,C,Divorced,7,10845,7,8,B,Travel_Rarely,C,No
No,1,Research Scientist,30,A,Divorced,0,1274,0,1,C,Non-Travel,C,No
Yes,1,Laboratory Technician,26,A,Single,0,2340,0,1,A,Travel_Rarely,A,Yes
No,2,Sales Representative,20,A,Single,2,2783,2,2,A,Travel_Rarely,C,No
Yes,21,Sales Executive,41,C,Single,0,7082,2,2,A,Travel_Rarely,C,No
Yes,11,Sales Executive,30,B,Divorced,8,5209,7,11,D,Travel_Rarely,B,No
No,3,Sales Representative,34,A,Divorced,2,2351,0,2,B,Travel_Frequently,A,Yes
No,10,Manufacturing Director,51,B,Married,0,6132,0,1,A,Travel_Rarely,B,No
No,6,Research Scientist,29,A,Married,2,2546,1,2,A,Travel_Rarely,B,Yes
No,3,Sales Representative,23,A,Divorced,0,2322,0,0,B,Travel_Rarely,C,No
No,10,Human Resources,29,C,Single,9,7988,9,10,A,Travel_Rarely,B,No
No,2,Laboratory Technician,38,A,Single,2,2288,1,2,A,Travel_Rarely,C,No
Yes,10,Manufacturing Director,38,C,Married,4,7756,2,5,B,Travel_Rarely,B,No
No,10,Sales Executive,33,B,Married,7,4539,1,10,B,Travel_Frequently,C,No
No,1,Laboratory Technician,24,A,Divorced,0,2694,0,1,D,Non-Travel,B,No
No,10,Manufacturing Director,38,C,Single,7,9526,8,9,A,Travel_Frequently,B,No
No,4,Sales Executive,47,B,Married,0,4978,0,1,B,Non-Travel,C,No
No,7,Research Scientist,39,B,Divorced,2,3902,2,2,D,Travel_Rarely,C,No
Yes,7,Research Scientist,45,A,Married,2,4477,2,3,B,Travel_Rarely,C,No
No,4,Laboratory Technician,22,A,Married,3,2451,1,4,B,Travel_Rarely,A,No
No,17,Research Scientist,35,B,Single,11,6646,8,17,A,Travel_Rarely,A,No
No,11,Healthcare Representative,41,B,Single,2,6870,2,3,A,Travel_Rarely,D,No
No,10,Laboratory Technician,51,A,Married,2,2075,3,4,C,Travel_Rarely,C,No
No,10,Manufacturing Director,39,B,Married,0,5151,9,10,B,Travel_Rarely,C,No
Yes,8,Research Scientist,37,A,Married,7,3564,7,8,B,Travel_Rarely,D,No
No,10,Sales Executive,31,B,Married,0,5476,2,10,C,Travel_Rarely,C,No
No,14,Laboratory Technician,56,A,Married,9,2339,8,10,B,Travel_Rarely,C,Yes
No,6,Sales Executive,37,B,Divorced,3,9525,3,6,C,Travel_Frequently,A,No
Yes,29,Research Director,50,E,Married,1,19237,7,8,B,Travel_Rarely,C,No
No,9,Sales Executive,40,B,Married,4,5473,1,8,A,Travel_Rarely,C,No
Yes,7,Human Resources,37,A,Divorced,2,2073,2,3,A,Travel_Rarely,C,Yes
No,29,Manager,47,D,Divorced,2,15972,2,3,D,Travel_Rarely,D,No
No,10,Sales Executive,34,B,Single,5,4568,7,9,A,Non-Travel,C,No
Yes,6,Sales Executive,40,B,Married,3,7457,2,4,D,Travel_Rarely,A,No
No,10,Sales Executive,30,C,Divorced,4,7264,7,8,B,Travel_Rarely,C,No
No,28,Sales Executive,59,C,Single,16,7637,9,21,A,Travel_Rarely,C,No
No,10,Research Scientist,29,A,Divorced,7,2720,8,10,B,Travel_Frequently,A,No
No,8,Sales Executive,30,B,Divorced,2,4779,2,3,C,Travel_Rarely,C,No
No,8,Laboratory Technician,37,A,Single,2,3629,2,3,A,Travel_Rarely,C,No
No,17,Sales Executive,37,C,Married,1,10609,7,14,A,Travel_Rarely,B,Yes
No,17,Laboratory Technician,36,B,Married,2,2571,3,5,B,Travel_Frequently,D,No
No,1,Research Scientist,31,A,Single,1,2501,0,1,A,Travel_Rarely,C,No
Yes,1,Laboratory Technician,35,A,Divorced,0,2074,0,1,B,Travel_Rarely,C,Yes
No,8,Manufacturing Director,26,B,Married,7,5472,3,8,A,Travel_Rarely,D,No
No,1,Sales Representative,32,A,Divorced,0,2827,0,1,D,Non-Travel,C,No
No,7,Laboratory Technician,36,A,Divorced,7,2741,7,7,B,Travel_Rarely,A,No
No,10,Research Scientist,30,A,Single,7,4968,7,9,A,Travel_Frequently,B,No
No,15,Manufacturing Director,35,C,Divorced,7,10274,4,7,B,Travel_Rarely,B,No
No,10,Healthcare Representative,36,B,Married,2,5347,2,3,C,Travel_Rarely,C,No
No,10,Research Scientist,28,B,Single,7,3660,7,8,A,Travel_Rarely,C,No
No,20,Research Scientist,42,B,Single,9,4332,7,20,A,Non-Travel,B,No
No,36,Manager,56,E,Single,3,19717,7,7,A,Travel_Rarely,C,No
No,1,Sales Representative,30,A,Single,0,1081,0,1,A,Travel_Rarely,C,Yes
No,20,Manufacturing Director,47,B,Divorced,0,5070,4,5,D,Travel_Rarely,C,No
No,15,Healthcare Representative,33,B,Divorced,11,7725,7,13,B,Travel_Frequently,C,No
No,1,Research Scientist,51,A,Married,0,2723,0,1,A,Travel_Rarely,C,No
No,21,Manager,40,E,Married,15,18041,12,20,A,Travel_Rarely,C,No
Yes,9,Sales Executive,34,C,Married,3,9713,0,5,D,Travel_Rarely,C,No
No,8,Laboratory Technician,42,A,Married,2,2093,0,2,B,Travel_Frequently,C,No
No,20,Sales Executive,59,B,Single,3,5473,3,4,A,Travel_Frequently,B,No
No,0,Laboratory Technician,18,A,Single,0,1420,0,0,A,Travel_Rarely,C,Yes
No,13,Sales Executive,31,B,Married,7,5468,7,12,C,Travel_Rarely,B,No
No,10,Laboratory Technician,38,B,Single,3,2406,9,10,A,Travel_Frequently,C,No
No,5,Research Scientist,35,A,Married,2,2194,2,3,B,Travel_Frequently,C,No
No,9,Sales Executive,27,B,Single,7,6500,7,8,A,Travel_Rarely,D,No
No,9,Sales Representative,27,B,Married,8,3540,8,9,B,Travel_Rarely,B,No
No,18,Sales Executive,43,C,Divorced,0,10798,0,1,B,Travel_Rarely,B,No
No,17,Sales Executive,36,B,Married,7,4639,13,15,B,Travel_Frequently,D,No
No,8,Healthcare Representative,37,B,Single,3,4107,1,4,A,Travel_Rarely,C,No
Yes,21,Healthcare Representative,46,C,Married,9,10673,5,10,B,Travel_Frequently,B,No
Yes,21,Manager,39,E,Divorced,8,19197,6,21,B,Travel_Frequently,C,No
No,8,Laboratory Technician,28,A,Single,0,2561,0,0,A,Travel_Frequently,B,Yes
No,4,Sales Executive,30,B,Married,1,5301,2,2,C,Travel_Rarely,C,No
Yes,4,Research Scientist,37,A,Married,2,2326,2,4,D,Travel_Frequently,C,No
Yes,4,Manufacturing Director,35,B,Married,2,4788,2,3,A,Travel_Rarely,B,No
No,8,Sales Executive,34,B,Married,7,6712,7,8,C,Travel_Rarely,B,No
No,10,Manufacturing Director,28,C,Divorced,7,7655,7,9,D,Travel_Rarely,C,No
No,21,Manager,50,E,Single,4,19926,4,5,A,Travel_Rarely,C,No
No,1,Human Resources,19,A,Single,0,2564,0,1,A,Travel_Rarely,B,Yes
Yes,23,Research Director,44,E,Divorced,7,19049,10,22,B,Travel_Rarely,C,No
No,11,Sales Executive,40,C,Divorced,0,9705,0,1,B,Travel_Rarely,B,No
Yes,29,Research Director,50,E,Divorced,3,18740,8,27,B,Travel_Rarely,B,No
Yes,10,Laboratory Technician,40,A,Single,2,2166,3,4,A,Travel_Rarely,C,Yes
No,10,Sales Executive,41,B,Divorced,3,4103,7,9,B,Travel_Frequently,C,No
No,8,Research Scientist,33,A,Married,7,2756,6,8,B,Travel_Rarely,C,No
Yes,3,Research Scientist,31,A,Divorced,2,2695,2,2,B,Travel_Rarely,C,No
No,6,Sales Executive,25,B,Married,2,8639,2,2,A,Travel_Rarely,B,No
No,2,Laboratory Technician,24,A,Divorced,1,2296,0,1,D,Travel_Rarely,B,No
Yes,16,Research Scientist,40,B,Married,1,4422,0,1,B,Travel_Frequently,B,No
Yes,16,Human Resources,46,B,Divorced,2,5021,2,4,B,Travel_Rarely,C,No
No,10,Manufacturing Director,38,B,Married,3,5321,7,8,B,Travel_Frequently,B,No
No,21,Manager,41,D,Divorced,6,17181,7,7,B,Travel_Frequently,B,No
No,9,Manufacturing Director,27,C,Divorced,7,8793,7,9,C,Travel_Frequently,C,No
No,16,Sales Executive,54,B,Married,2,5940,5,6,B,Travel_Rarely,C,No
Yes,17,Laboratory Technician,49,A,Divorced,2,2587,2,2,B,Travel_Rarely,C,No
No,8,Human Resources,31,A,Single,2,2109,2,3,A,Travel_Rarely,D,No
No,1,Laboratory Technician,19,A,Single,0,1483,0,1,A,Travel_Rarely,C,No
No,2,Research Scientist,23,A,Single,2,3505,2,2,A,Travel_Rarely,D,No
No,1,Human Resources,29,A,Married,0,2804,0,1,A,Travel_Rarely,B,No
Yes,7,Sales Executive,35,B,Divorced,2,5440,2,2,C,Travel_Rarely,A,Yes
No,19,Laboratory Technician,53,B,Single,2,2450,2,2,A,Travel_Rarely,C,No
Yes,9,Sales Executive,34,B,Single,2,5304,4,5,A,Non-Travel,D,Yes
Yes,3,Sales Representative,50,A,Married,2,2683,2,3,A,Travel_Rarely,B,Yes
No,7,Sales Executive,43,B,Single,3,5346,3,4,A,Travel_Rarely,A,Yes
No,6,Research Scientist,36,A,Married,2,2543,2,2,B,Travel_Rarely,C,No
No,40,Healthcare Representative,58,C,Married,10,10312,6,40,B,Travel_Rarely,C,Yes
No,5,Research Scientist,52,A,Married,3,4258,2,4,B,Non-Travel,C,No
No,6,Laboratory Technician,35,A,Married,4,2426,3,5,B,Travel_Rarely,D,No
No,8,Sales Executive,36,B,Married,3,6652,0,6,B,Travel_Rarely,B,No
No,10,Sales Executive,30,B,Married,8,9714,7,10,B,Travel_Rarely,B,Yes
No,6,Sales Executive,34,B,Single,2,6029,2,2,A,Travel_Rarely,A,No
Yes,4,Human Resources,29,A,Divorced,2,2335,0,2,D,Travel_Rarely,B,Yes
No,7,Sales Executive,26,B,Single,7,4294,7,7,A,Travel_Frequently,B,No
No,15,Sales Executive,35,C,Married,12,10306,0,13,A,Travel_Rarely,B,Yes
No,10,Sales Executive,31,B,Single,2,5332,3,5,A,Travel_Frequently,C,No
No,10,Healthcare Representative,44,B,Single,2,5933,3,5,A,Travel_Rarely,C,No
No,5,Sales Executive,25,B,Single,3,4950,1,4,A,Travel_Rarely,C,No
Yes,6,Research Scientist,38,A,Married,0,3057,1,1,B,Travel_Rarely,C,No
Yes,5,Sales Executive,27,B,Single,4,4478,4,5,A,Travel_Rarely,C,No
No,7,Human Resources,59,A,Married,2,2267,2,2,A,Travel_Rarely,C,No
No,22,Sales Executive,49,D,Married,8,13120,3,9,B,Travel_Rarely,B,No
No,4,Research Scientist,37,A,Single,0,4680,0,1,A,Travel_Rarely,D,No
No,12,Sales Executive,35,C,Divorced,9,7823,8,10,B,Travel_Rarely,C,No
No,4,Manufacturing Director,36,B,Married,2,4374,2,3,A,Non-Travel,B,No
Yes,12,Research Director,38,C,Divorced,10,11510,9,11,B,Travel_Rarely,B,No
No,4,Sales Representative,30,A,Single,2,2983,2,3,A,Travel_Rarely,C,No
No,10,Laboratory Technician,40,B,Single,0,5094,0,1,A,Travel_Frequently,B,No
No,30,Healthcare Representative,56,D,Married,7,11103,1,10,A,Travel_Rarely,C,No
No,8,Manufacturing Director,41,B,Single,2,5003,1,2,A,Travel_Rarely,C,No
Yes,14,Human Resources,44,B,Married,7,5743,2,10,A,Travel_Frequently,C,No
No,15,Sales Executive,35,B,Married,9,4717,9,11,A,Travel_Rarely,C,No
No,3,Research Scientist,21,A,Single,2,3117,2,2,A,Travel_Rarely,C,No
No,8,Manufacturing Director,37,B,Divorced,2,6347,4,6,C,Travel_Rarely,C,No
No,6,Manufacturing Director,36,B,Single,5,6499,3,6,A,Travel_Frequently,B,No
Yes,4,Sales Executive,32,B,Married,2,4078,2,3,D,Travel_Rarely,C,No
No,33,Manager,60,E,Married,8,19566,10,29,A,Travel_Rarely,C,No
No,7,Laboratory Technician,30,A,Married,2,3833,2,2,C,Travel_Rarely,A,No
No,9,Research Director,29,D,Divorced,7,16124,7,7,C,Travel_Rarely,B,No
No,12,Research Scientist,41,A,Married,3,2782,0,5,B,Travel_Rarely,C,No
No,1,Laboratory Technician,24,A,Married,0,2210,0,1,B,Travel_Rarely,C,Yes
No,10,Research Scientist,36,B,Single,0,4485,7,8,A,Travel_Rarely,C,No
No,20,Sales Representative,38,A,Single,0,2858,0,1,A,Travel_Rarely,B,No
Yes,8,Sales Executive,40,B,Married,4,6380,0,6,C,Travel_Rarely,B,Yes
No,10,Sales Executive,36,C,Married,7,9738,8,9,B,Travel_Frequently,C,No
No,1,Sales Representative,24,A,Married,0,2033,0,1,B,Non-Travel,C,No
Yes,15,Sales Executive,36,B,Single,4,9278,1,5,A,Travel_Rarely,C,No
Yes,12,Sales Executive,60,B,Divorced,7,5220,9,11,B,Travel_Rarely,D,No
No,21,Manager,40,E,Single,8,19833,8,21,A,Travel_Rarely,C,No
No,8,Healthcare Representative,40,B,Married,7,4244,7,8,B,Travel_Frequently,D,No
No,10,Sales Executive,38,B,Married,7,5343,9,10,B,Travel_Rarely,C,No
Yes,8,Research Scientist,31,A,Married,4,2356,2,6,B,Travel_Rarely,C,No
No,21,Research Director,45,D,Single,6,16704,6,21,A,Travel_Rarely,B,No
No,5,Sales Representative,26,A,Single,2,2966,0,4,A,Travel_Rarely,B,No
No,10,Research Director,33,D,Divorced,1,16184,5,6,B,Travel_Rarely,D,No
No,7,Manufacturing Director,36,B,Divorced,2,4941,1,3,C,Travel_Rarely,C,No
No,10,Sales Representative,36,A,Single,3,3407,3,5,A,Travel_Rarely,B,Yes
No,8,Research Scientist,34,A,Single,2,2960,3,4,A,Travel_Rarely,C,Yes
No,10,Healthcare Representative,38,B,Divorced,2,5745,2,2,B,Travel_Rarely,C,No
Yes,0,Sales Representative,18,A,Single,0,1569,0,0,A,Travel_Frequently,C,Yes
No,10,Manufacturing Director,37,B,Single,3,4213,8,10,A,Travel_Rarely,C,Yes
No,6,Manufacturing Director,28,B,Divorced,3,4877,0,5,B,Travel_Rarely,A,No
No,9,Laboratory Technician,36,B,Divorced,0,4834,0,1,B,Travel_Rarely,C,Yes
Yes,18,Sales Executive,45,C,Divorced,4,10761,2,5,B,Travel_Rarely,C,No
No,4,Laboratory Technician,28,A,Divorced,2,2207,2,4,B,Travel_Rarely,C,No
No,4,Research Scientist,35,A,Married,3,2977,1,4,B,Travel_Rarely,A,No
No,5,Manufacturing Director,24,B,Divorced,2,4011,3,4,B,Non-Travel,D,No
No,14,Sales Executive,41,B,Divorced,4,8938,4,5,B,Travel_Rarely,B,No
No,8,Human Resources,26,A,Married,7,2942,7,8,B,Travel_Rarely,C,No
No,23,Manager,55,E,Married,9,19187,11,19,B,Travel_Rarely,A,No
No,14,Manufacturing Director,32,B,Married,13,6162,8,14,B,Travel_Rarely,B,No
Yes,11,Sales Executive,51,B,Single,7,5441,0,10,A,Travel_Rarely,C,No
No,20,Research Scientist,54,B,Single,3,4869,3,4,A,Travel_Frequently,C,No
No,1,Laboratory Technician,22,A,Single,0,2871,0,0,A,Travel_Rarely,C,No
No,1,Sales Representative,28,A,Married,0,2856,0,1,B,Travel_Rarely,C,No
No,27,Manager,48,D,Single,4,16885,1,5,A,Non-Travel,D,No
No,8,Research Scientist,40,A,Divorced,1,2345,2,3,B,Travel_Rarely,C,No
Yes,7,Sales Executive,29,B,Divorced,7,8268,7,7,C,Travel_Rarely,B,No
No,29,Manufacturing Director,51,D,Single,2,13142,3,5,A,Travel_Rarely,B,No
No,8,Sales Executive,29,B,Single,2,5869,4,5,A,Travel_Rarely,B,No
No,10,Sales Executive,30,B,Divorced,9,6118,2,10,D,Travel_Rarely,B,No
No,14,Research Director,33,C,Married,9,11691,7,13,A,Travel_Rarely,C,No
No,8,Sales Executive,33,B,Married,7,6146,7,7,B,Non-Travel,C,No
No,29,Research Director,48,E,Married,10,19665,9,22,A,Travel_Rarely,B,No
No,7,Laboratory Technician,25,A,Married,2,3229,2,3,B,Travel_Rarely,C,No
Yes,10,Sales Executive,31,B,Single,5,6582,5,6,A,Travel_Rarely,C,No
No,24,Manager,48,D,Divorced,17,17174,7,22,B,Travel_Frequently,C,No
Yes,9,Research Director,30,C,Married,7,11416,7,8,D,Travel_Rarely,D,No
No,5,Manufacturing Director,34,B,Married,2,4325,3,5,A,Travel_Rarely,C,No
No,17,Manufacturing Director,35,B,Married,7,6883,7,7,B,Travel_Rarely,C,No
No,17,Research Scientist,37,A,Married,1,3920,2,3,B,Travel_Rarely,B,No
No,7,Sales Executive,40,B,Divorced,1,6852,3,5,B,Travel_Rarely,B,No
Yes,10,Sales Executive,37,C,Single,0,7642,9,10,A,Non-Travel,C,No
No,7,Sales Representative,25,A,Married,4,2096,6,7,A,Travel_Rarely,C,No
No,13,Research Scientist,48,A,Married,0,2259,0,0,C,Travel_Rarely,C,No
Yes,5,Sales Executive,50,B,Single,0,4728,0,0,A,Travel_Frequently,C,Yes
No,26,Manager,45,D,Married,3,17650,1,9,B,Travel_Rarely,C,No
Yes,6,Laboratory Technician,41,A,Married,0,4766,0,1,B,Travel_Rarely,C,No
No,4,Laboratory Technician,31,A,Married,2,2218,2,4,B,Travel_Rarely,B,No
Yes,17,Manufacturing Director,35,C,Married,14,10685,15,17,B,Travel_Rarely,B,No
No,22,Manufacturing Director,40,D,Single,6,13237,13,20,A,Travel_Rarely,C,No
Yes,1,Research Scientist,22,A,Married,0,2853,0,0,B,Travel_Frequently,B,Yes
No,25,Research Scientist,45,C,Divorced,0,9724,0,1,B,Travel_Rarely,C,No
Yes,7,Human Resources,33,A,Divorced,3,2277,3,4,B,Travel_Rarely,C,No
No,16,Research Director,37,C,Single,2,13664,2,5,A,Travel_Rarely,C,No
No,2,Research Scientist,22,A,Married,2,2323,2,2,C,Travel_Rarely,C,No
No,3,Research Scientist,28,A,Married,2,3591,2,3,B,Travel_Rarely,C,No
No,5,Sales Executive,40,B,Married,0,4327,0,0,D,Travel_Frequently,C,No
No,22,Manager,45,E,Single,0,18061,0,0,A,Travel_Frequently,C,No
No,18,Research Scientist,43,A,Single,2,4739,2,3,A,Travel_Frequently,D,No
No,8,Laboratory Technician,45,A,Divorced,3,2270,2,5,C,Travel_Rarely,C,No
Yes,17,Research Director,45,C,Married,0,13245,0,0,A,Travel_Rarely,C,No
No,10,Sales Executive,32,B,Single,0,6735,0,0,A,Travel_Rarely,A,Yes
No,6,Laboratory Technician,27,A,Married,0,2099,4,5,A,Travel_Rarely,C,No
No,10,Healthcare Representative,42,B,Married,0,5538,0,0,C,Travel_Rarely,D,No
No,5,Laboratory Technician,23,A,Married,3,2500,2,4,B,Travel_Rarely,C,No
No,21,Sales Executive,39,D,Single,8,13341,10,20,A,Travel_Rarely,C,No
No,5,Laboratory Technician,26,A,Divorced,2,4364,0,2,B,Travel_Frequently,A,No
No,10,Research Scientist,29,A,Married,7,2700,7,10,B,Travel_Rarely,D,No
No,10,Manager,31,C,Divorced,4,11557,1,5,B,Travel_Rarely,B,No
No,18,Research Scientist,39,B,Single,7,4108,7,7,A,Travel_Rarely,C,No
No,14,Sales Executive,48,B,Married,7,4051,7,9,B,Travel_Rarely,C,No
No,6,Sales Executive,25,B,Single,5,6180,4,6,A,Travel_Rarely,C,No
No,22,Manager,41,D,Single,10,16015,4,22,A,Travel_Rarely,C,No
No,10,Laboratory Technician,34,B,Married,7,5429,7,8,C,Travel_Rarely,C,No
No,20,Research Scientist,40,B,Divorced,7,5605,13,20,B,Travel_Frequently,C,No
No,9,Sales Executive,32,B,Divorced,7,4668,7,8,D,Travel_Frequently,A,No
Yes,5,Research Scientist,34,A,Married,2,2307,0,5,B,Non-Travel,A,Yes
No,6,Laboratory Technician,26,A,Married,3,3955,3,5,C,Travel_Rarely,B,No
Yes,30,Manager,55,D,Single,4,16659,2,5,A,Travel_Rarely,C,No
No,8,Research Scientist,45,A,Married,4,2132,3,5,B,Travel_Rarely,C,No
No,4,Healthcare Representative,24,B,Single,3,4617,2,4,A,Travel_Rarely,B,No
No,10,Laboratory Technician,32,B,Married,4,4883,1,10,B,Travel_Rarely,C,Yes
No,26,Research Director,46,D,Married,2,17861,1,3,A,Travel_Rarely,C,No
Yes,10,Laboratory Technician,42,A,Divorced,6,2593,8,9,B,Travel_Rarely,B,No
No,9,Research Scientist,34,A,Single,2,2311,2,3,A,Travel_Rarely,C,No
No,13,Sales Executive,31,B,Divorced,7,7547,7,7,D,Travel_Rarely,C,No
Yes,4,Sales Executive,34,B,Single,2,4538,2,3,A,Travel_Rarely,C,No
Yes,5,Research Scientist,33,A,Single,2,2313,2,2,A,Travel_Rarely,B,Yes
Yes,7,Laboratory Technician,25,A,Married,7,3691,6,7,B,Travel_Rarely,C,Yes
No,6,Sales Executive,35,B,Married,3,5561,4,5,B,Travel_Rarely,C,No
No,19,Research Scientist,55,A,Married,2,2662,4,5,B,Travel_Rarely,B,No
No,17,Manufacturing Director,37,C,Divorced,0,10048,0,1,C,Travel_Frequently,C,Yes
No,1,Laboratory Technician,34,A,Divorced,0,2008,0,1,C,Travel_Rarely,C,No
Yes,5,Laboratory Technician,23,A,Single,4,3989,2,5,A,Travel_Rarely,B,Yes
No,12,Healthcare Representative,43,B,Married,2,5562,2,5,B,Travel_Frequently,C,No
Yes,8,Sales Executive,39,B,Married,4,6120,4,5,C,Travel_Rarely,B,No
No,8,Laboratory Technician,26,A,Married,7,4420,7,8,B,Travel_Rarely,D,No
No,19,Research Scientist,42,B,Divorced,4,4556,2,5,B,Travel_Frequently,C,No
No,9,Laboratory Technician,29,A,Married,3,2974,2,5,B,Travel_Rarely,C,No
No,12,Healthcare Representative,31,C,Married,0,9824,0,1,A,Travel_Frequently,C,Yes
No,7,Laboratory Technician,38,A,Married,0,3306,0,0,B,Travel_Rarely,C,No
No,10,Human Resources,44,B,Single,2,5985,2,2,A,Travel_Rarely,B,No
No,10,Sales Executive,29,B,Single,7,4554,9,10,A,Travel_Frequently,C,No
Yes,9,Sales Executive,47,B,Single,0,4163,7,9,A,Travel_Rarely,C,No
Yes,20,Manufacturing Director,47,B,Divorced,10,5067,7,19,A,Travel_Frequently,D,No
No,6,Laboratory Technician,35,A,Married,4,2705,3,5,B,Travel_Rarely,A,No
Yes,5,Research Scientist,28,A,Married,2,3464,2,3,A,Travel_Rarely,A,Yes
No,4,Manufacturing Director,22,B,Married,2,4775,2,2,C,Travel_Rarely,B,No
Yes,10,Healthcare Representative,31,B,Married,7,5855,5,9,C,Travel_Rarely,C,No
Yes,20,Research Scientist,38,B,Divorced,11,2133,7,20,B,Travel_Frequently,B,No
No,6,Research Scientist,34,A,Single,2,2553,3,5,A,Travel_Frequently,B,No
Yes,15,Research Director,37,C,Divorced,2,13603,2,5,C,Non-Travel,C,No
No,10,Manufacturing Director,29,C,Divorced,9,9980,8,10,B,Travel_Rarely,D,No
No,6,Healthcare Representative,29,B,Married,3,5373,2,5,B,Travel_Rarely,C,No
Yes,33,Manager,52,E,Single,7,19068,12,33,A,Non-Travel,B,No
No,1,Laboratory Technician,28,A,Divorced,0,2596,0,1,C,Travel_Frequently,B,Yes
Yes,6,Research Scientist,26,A,Married,2,2042,2,3,B,Travel_Frequently,C,Yes
No,8,Laboratory Technician,42,A,Single,0,3968,0,0,A,Travel_Rarely,C,No
No,9,Laboratory Technician,39,B,Single,4,6782,3,5,A,Non-Travel,C,No
Yes,10,Healthcare Representative,29,B,Single,2,6294,2,3,A,Travel_Frequently,D,No
No,25,Research Director,46,E,Married,2,19081,3,4,B,Travel_Rarely,C,No
Yes,8,Healthcare Representative,43,B,Divorced,2,4522,2,5,A,Travel_Rarely,C,No
No,9,Manufacturing Director,39,B,Single,7,4534,7,8,A,Travel_Rarely,C,No
No,13,Research Director,34,C,Single,6,11994,11,12,A,Travel_Rarely,C,No
Yes,9,Healthcare Representative,44,C,Married,7,7879,7,8,B,Travel_Rarely,D,No
No,5,Research Scientist,26,A,Divorced,3,2007,3,5,C,Travel_Frequently,B,No
No,6,Healthcare Representative,33,B,Single,0,6949,4,5,A,Travel_Rarely,B,No
No,2,Research Scientist,34,A,Married,0,2585,0,1,A,Travel_Rarely,D,No
No,5,Research Scientist,28,A,Single,3,3310,2,5,A,Travel_Rarely,C,No
No,2,Research Scientist,22,A,Married,1,2244,2,2,B,Travel_Rarely,C,No
Yes,10,Research Scientist,33,A,Single,9,2686,8,10,A,Travel_Rarely,C,Yes
No,12,Sales Executive,38,B,Single,3,8686,7,8,A,Travel_Rarely,B,No
No,20,Research Director,40,C,Single,7,13499,13,18,A,Travel_Frequently,C,No
No,20,Research Scientist,40,A,Married,3,2001,2,5,D,Travel_Rarely,C,No
No,6,Sales Executive,30,B,Single,4,6577,4,5,A,Travel_Rarely,C,No
Yes,4,Laboratory Technician,24,A,Single,0,3172,0,0,A,Travel_Frequently,C,Yes
No,11,Laboratory Technician,29,A,Single,2,2062,2,3,A,Travel_Rarely,C,No
No,33,Manager,52,E,Married,14,19845,9,32,B,Travel_Rarely,A,Yes
No,8,Research Scientist,37,A,Married,4,3936,7,8,B,Travel_Rarely,C,No
No,8,Research Scientist,30,A,Divorced,2,3204,2,3,B,Travel_Rarely,C,No
No,10,Research Scientist,35,B,Single,7,5098,8,10,A,Travel_Rarely,C,No
No,5,Research Scientist,30,A,Single,4,2632,4,5,A,Travel_Rarely,C,No
Yes,15,Laboratory Technician,33,B,Married,14,5207,7,15,B,Travel_Rarely,C,No
No,6,Sales Executive,28,B,Single,4,8463,3,5,A,Travel_Rarely,C,No
Yes,1,Research Scientist,19,A,Single,0,2994,1,1,A,Travel_Rarely,D,No
No,31,Manufacturing Director,52,D,Married,8,13826,0,9,A,Travel_Frequently,B,No
No,19,Healthcare Representative,39,C,Divorced,10,9613,7,18,D,Travel_Rarely,D,No
No,23,Manager,46,D,Married,9,17465,9,12,B,Travel_Rarely,C,No
No,10,Manufacturing Director,45,B,Divorced,7,5770,9,10,C,Travel_Rarely,B,No
No,38,Sales Executive,58,D,Single,10,13872,8,37,A,Travel_Rarely,C,No
No,13,Healthcare Representative,56,B,Divorced,12,6306,9,13,B,Non-Travel,C,No
No,21,Research Director,41,E,Divorced,16,19419,11,18,B,Travel_Frequently,C,No
No,28,Manager,46,D,Married,15,17048,9,26,A,Travel_Rarely,C,No
No,2,Research Scientist,33,A,Married,2,2911,2,2,B,Travel_Rarely,B,No
Yes,10,Laboratory Technician,29,B,Married,3,4025,3,4,B,Travel_Rarely,B,No
No,8,Manufacturing Director,29,B,Divorced,2,4262,2,3,C,Travel_Rarely,C,No
No,8,Sales Executive,40,B,Divorced,4,5715,3,5,C,Travel_Rarely,C,No
Yes,10,Manufacturing Director,45,C,Married,1,9380,2,3,C,Travel_Rarely,C,No
No,12,Sales Executive,36,B,Married,2,5507,3,4,C,Travel_Rarely,B,No
No,5,Research Scientist,26,A,Single,3,3904,1,4,A,Travel_Rarely,B,No
Yes,8,Research Scientist,26,A,Single,5,2875,2,8,A,Travel_Rarely,C,No
Yes,12,Human Resources,30,B,Married,9,6347,7,11,A,Travel_Rarely,C,No
No,23,Manager,49,E,Married,0,18711,0,1,B,Travel_Rarely,B,No
No,8,Research Scientist,45,A,Married,2,2654,2,2,C,Travel_Rarely,C,No
No,6,Research Scientist,32,A,Married,2,3312,2,3,C,Travel_Rarely,D,No
No,4,Sales Executive,24,B,Single,2,4577,0,2,A,Travel_Rarely,C,Yes
Yes,1,Research Scientist,20,A,Single,0,1009,1,1,A,Travel_Rarely,C,Yes
No,11,Research Scientist,33,B,Divorced,8,3055,7,9,C,Non-Travel,C,No
No,23,Sales Executive,45,C,Single,7,8865,8,19,A,Non-Travel,B,No
No,10,Sales Executive,41,C,Married,7,8392,7,10,B,Travel_Rarely,D,No
No,10,Sales Executive,32,B,Single,7,5396,8,10,A,Travel_Rarely,C,No
Yes,9,Research Scientist,58,A,Married,0,3346,0,1,B,Travel_Rarely,B,No
Yes,7,Research Scientist,31,A,Married,2,3929,2,4,B,Travel_Rarely,C,No
No,35,Research Director,53,D,Single,8,16598,8,9,A,Travel_Rarely,D,No
Yes,10,Sales Executive,33,C,Divorced,8,8380,8,9,C,Travel_Rarely,D,No
No,16,Sales Executive,50,C,Single,2,9208,1,2,A,Travel_Frequently,C,No
No,21,Manager,40,E,Married,8,19033,9,20,B,Travel_Rarely,C,No
No,8,Research Scientist,36,A,Single,2,4678,1,6,A,Travel_Rarely,C,No
No,5,Research Scientist,31,A,Divorced,2,2911,3,5,B,Travel_Rarely,C,No
Yes,9,Sales Executive,45,B,Divorced,4,5006,3,5,B,Travel_Rarely,C,No
No,1,Sales Representative,29,A,Single,0,1091,0,1,A,Travel_Frequently,D,Yes
No,21,Research Director,47,E,Married,2,18300,1,3,B,Travel_Rarely,C,No
No,9,Healthcare Representative,34,C,Single,7,8621,7,8,A,Travel_Rarely,B,No
No,5,Sales Executive,40,B,Married,4,4639,2,5,B,Travel_Rarely,C,No
No,16,Sales Executive,36,C,Married,9,9699,12,13,B,Travel_Frequently,B,No
Yes,11,Human Resources,34,C,Divorced,2,9950,2,3,D,Travel_Frequently,C,Yes
Yes,21,Manager,55,D,Divorced,0,14756,2,5,D,Travel_Rarely,C,No
Yes,10,Manufacturing Director,42,C,Married,9,7406,8,10,B,Travel_Rarely,C,No
No,9,Sales Executive,42,B,Single,4,5155,5,6,A,Travel_Rarely,C,No
No,9,Healthcare Representative,33,C,Divorced,2,7119,2,3,B,Travel_Rarely,B,No
Yes,12,Healthcare Representative,57,C,Divorced,3,9439,4,5,B,Travel_Rarely,D,No
No,5,Research Scientist,27,A,Married,2,3517,2,3,A,Travel_Rarely,D,No
No,10,Human Resources,46,A,Single,6,3423,7,7,A,Travel_Rarely,C,No
No,32,Research Director,53,D,Married,1,14814,3,5,A,Travel_Rarely,D,No
No,1,Sales Representative,31,A,Single,0,1359,0,1,A,Travel_Frequently,A,Yes
No,21,Manufacturing Director,41,D,Married,7,13570,10,20,B,Travel_Rarely,B,No
No,7,Sales Executive,29,B,Single,3,5765,0,5,A,Travel_Frequently,C,Yes
No,10,Research Scientist,32,B,Married,4,6220,9,10,C,Travel_Rarely,C,No
No,14,Human Resources,34,B,Married,9,4490,8,10,C,Travel_Frequently,B,No
No,22,Manager,53,D,Divorced,13,14852,2,17,B,Travel_Rarely,C,No
Yes,6,Research Scientist,31,A,Married,2,4821,3,5,B,Travel_Rarely,C,No
No,12,Research Scientist,32,B,Married,1,5878,5,7,B,Travel_Rarely,B,No
No,8,Research Scientist,32,A,Single,4,3038,4,5,A,Travel_Rarely,C,No
Yes,23,Laboratory Technician,48,C,Single,0,5381,0,1,A,Travel_Rarely,B,Yes
No,20,Laboratory Technician,49,B,Single,3,4284,3,4,A,Travel_Frequently,B,Yes
Yes,9,Laboratory Technician,45,B,Married,8,3633,8,9,B,Non-Travel,C,No
No,20,Healthcare Representative,38,C,Married,9,8823,9,19,B,Travel_Rarely,B,No
No,6,Research Scientist,35,A,Single,5,2559,1,6,A,Travel_Rarely,B,No
Yes,6,Research Scientist,36,A,Married,1,3419,0,1,B,Travel_Rarely,B,No
No,15,Healthcare Representative,37,B,Married,0,4777,0,1,A,Travel_Rarely,A,Yes
No,25,Manufacturing Director,59,C,Single,7,10512,4,9,A,Travel_Rarely,C,No
No,17,Sales Representative,36,B,Single,7,4502,7,13,A,Travel_Rarely,C,No
No,17,Sales Executive,39,B,Married,11,5902,9,15,B,Travel_Rarely,B,No
No,6,Laboratory Technician,52,A,Single,2,3212,2,2,A,Travel_Rarely,B,No
No,7,Manufacturing Director,46,B,Married,0,5258,0,1,A,Non-Travel,C,No
Yes,15,Sales Executive,34,B,Divorced,14,4001,7,15,B,Non-Travel,C,No
No,20,Sales Executive,42,B,Married,16,4907,6,20,A,Travel_Rarely,C,No
No,11,Research Scientist,29,A,Single,7,2362,7,9,A,Travel_Rarely,B,Yes
No,9,Manufacturing Director,45,B,Married,2,6434,2,3,B,Travel_Frequently,D,No
No,10,Manufacturing Director,34,B,Married,9,9547,9,10,A,Travel_Frequently,B,No
No,30,Manager,59,E,Married,2,18844,2,3,B,Non-Travel,B,No
No,4,Sales Representative,50,A,Married,2,3875,2,2,B,Travel_Rarely,C,No
No,19,Research Director,38,C,Married,8,12061,1,10,B,Travel_Rarely,B,No
No,11,Laboratory Technician,39,B,Divorced,8,3069,7,10,B,Travel_Rarely,B,No
No,16,Human Resources,54,C,Married,7,10725,1,9,B,Travel_Rarely,C,No
No,8,Laboratory Technician,26,A,Single,7,2867,6,7,A,Travel_Rarely,C,No
No,4,Sales Executive,33,B,Married,2,4302,2,3,B,Travel_Frequently,C,No
No,1,Laboratory Technician,33,A,Divorced,1,2008,0,1,D,Non-Travel,B,No
No,24,Manager,42,E,Married,6,18880,14,22,A,Travel_Rarely,C,No
No,36,Sales Executive,56,D,Married,7,13212,7,7,D,Travel_Frequently,D,No
Yes,14,Manager,59,C,Married,4,11904,4,6,B,Travel_Rarely,C,No
No,10,Human Resources,38,B,Married,3,6077,2,6,A,Travel_Frequently,C,No
No,10,Research Scientist,34,A,Married,9,2929,7,10,A,Travel_Rarely,B,No
No,8,Laboratory Technician,42,A,Divorced,2,2576,2,5,B,Travel_Rarely,C,No
Yes,5,Sales Executive,24,B,Married,4,4162,3,5,C,Travel_Rarely,C,No
Yes,10,Sales Executive,29,B,Divorced,0,4187,9,10,B,Travel_Rarely,B,No
Yes,28,Manager,46,D,Married,7,16872,7,7,B,Travel_Rarely,A,No
Yes,8,Laboratory Technician,33,A,Married,4,2436,4,5,B,Travel_Rarely,C,Yes
Yes,4,Laboratory Technician,35,A,Married,2,4014,2,2,B,Travel_Rarely,C,No
No,6,Laboratory Technician,24,A,Divorced,2,3907,2,6,D,Travel_Rarely,C,No
No,7,Laboratory Technician,40,A,Married,2,2387,3,4,B,Travel_Rarely,C,No
No,5,Manufacturing Director,24,B,Divorced,2,4377,2,4,C,Travel_Rarely,B,No
Yes,7,Manufacturing Director,36,B,Married,2,4663,1,3,C,Travel_Rarely,C,No
No,7,Research Scientist,31,A,Single,2,4084,7,7,A,Travel_Frequently,C,Yes
No,3,Research Scientist,29,A,Divorced,2,3760,2,3,D,Travel_Rarely,C,No
No,24,Human Resources,44,C,Married,6,10482,6,20,B,Travel_Rarely,B,Yes
No,10,Manufacturing Director,39,B,Married,7,5377,7,7,D,Travel_Rarely,C,No
No,12,Sales Executive,36,B,Divorced,7,5079,7,7,C,Non-Travel,C,No
No,5,Sales Executive,35,B,Divorced,2,4968,2,5,B,Travel_Frequently,C,No
No,9,Healthcare Representative,32,B,Divorced,1,6667,2,5,B,Non-Travel,C,No
No,3,Sales Representative,24,A,Married,2,2400,1,2,C,Travel_Frequently,C,No
No,1,Laboratory Technician,35,A,Divorced,0,1951,0,1,B,Travel_Rarely,C,No
No,10,Laboratory Technician,44,A,Married,2,2362,2,3,A,Travel_Rarely,C,Yes
Yes,8,Human Resources,26,A,Divorced,7,2741,0,7,B,Travel_Frequently,C,Yes
Yes,1,Sales Representative,25,A,Married,0,2413,0,1,D,Travel_Rarely,B,Yes
No,10,Sales Executive,29,B,Married,0,6644,0,0,C,Travel_Rarely,B,No
No,12,Laboratory Technician,30,B,Divorced,9,3072,10,12,C,Non-Travel,C,No
No,12,Manufacturing Director,37,C,Single,5,7491,2,6,A,Travel_Rarely,C,No
Yes,9,Healthcare Representative,29,C,Single,7,7553,7,8,A,Travel_Frequently,C,Yes
Yes,35,Sales Executive,53,C,Married,2,10934,4,5,B,Travel_Rarely,B,No
No,5,Sales Executive,33,B,Married,3,4373,3,4,C,Travel_Frequently,C,No
Yes,10,Laboratory Technician,29,A,Divorced,7,3339,7,7,C,Travel_Rarely,C,Yes
No,24,Manager,42,E,Divorced,7,18430,9,24,B,Travel_Frequently,C,No
Yes,9,Research Scientist,27,A,Married,7,2235,8,9,C,Travel_Rarely,C,No
No,7,Laboratory Technician,48,A,Single,0,2559,0,1,A,Travel_Rarely,D,No
No,23,Sales Executive,43,C,Single,7,10231,17,21,A,Travel_Rarely,B,No
No,27,Manager,46,D,Single,0,17567,12,26,A,Travel_Rarely,D,No
No,8,Laboratory Technician,39,A,Married,3,3755,7,8,B,Travel_Frequently,C,No
No,5,Sales Executive,27,B,Married,2,4342,1,4,B,Travel_Frequently,C,No
No,12,Research Scientist,36,A,Married,10,3692,7,11,A,Travel_Frequently,C,No
No,10,Sales Executive,31,C,Married,0,8161,0,1,D,Travel_Rarely,C,Yes
Yes,7,Research Scientist,42,A,Divorced,2,2759,2,2,A,Travel_Frequently,D,Yes
No,15,Research Director,38,C,Married,12,13582,11,15,B,Travel_Rarely,C,No
No,6,Sales Executive,33,B,Single,2,5324,2,3,A,Travel_Rarely,C,Yes
Yes,15,Laboratory Technician,40,B,Married,2,2741,7,7,B,Travel_Rarely,C,No
No,10,Sales Executive,38,B,Married,8,9924,7,9,B,Travel_Rarely,C,No
No,10,Manufacturing Director,31,C,Single,8,7446,7,10,A,Travel_Frequently,D,Yes
No,9,Sales Executive,30,B,Single,3,6696,1,6,A,Travel_Frequently,B,Yes
No,7,Laboratory Technician,39,A,Divorced,2,2232,2,3,D,Travel_Rarely,C,No
No,9,Research Scientist,40,B,Single,8,4661,8,9,A,Travel_Rarely,C,No
No,2,Laboratory Technician,31,A,Married,2,2610,2,2,B,Travel_Frequently,C,Yes
No,4,Laboratory Technician,38,A,Single,3,2440,3,4,A,Travel_Frequently,B,No
No,10,Manufacturing Director,45,B,Married,8,5906,8,9,C,Travel_Rarely,B,No
Yes,10,Research Scientist,33,A,Single,8,3348,7,10,A,Travel_Frequently,C,Yes
No,7,Research Scientist,43,A,Divorced,4,2089,2,5,D,Non-Travel,D,No
No,11,Sales Executive,39,C,Married,6,8237,6,7,B,Travel_Rarely,D,No
Yes,9,Research Scientist,42,B,Divorced,3,5410,2,4,B,Travel_Rarely,C,No
No,1,Sales Representative,19,A,Single,0,2325,0,0,A,Travel_Frequently,A,Yes
No,2,Human Resources,31,A,Married,0,2956,0,1,A,Travel_Rarely,D,Yes
No,10,Laboratory Technician,28,B,Divorced,0,4558,8,10,B,Travel_Rarely,C,No
Yes,21,Manager,39,D,Divorced,9,17123,2,19,C,Travel_Rarely,B,No
No,21,Healthcare Representative,39,D,Divorced,7,12169,5,18,D,Travel_Frequently,C,Yes
Yes,12,Research Scientist,30,A,Married,9,3579,7,11,B,Travel_Rarely,C,No
Yes,1,Research Scientist,27,A,Divorced,1,2566,1,1,B,Non-Travel,B,No
No,11,Manufacturing Director,30,B,Single,4,6091,2,5,A,Travel_Rarely,A,No
No,23,Manager,41,E,Divorced,6,19141,6,21,D,Travel_Rarely,B,No
No,5,Laboratory Technician,23,B,Single,3,2272,2,4,A,Travel_Rarely,C,No
No,4,Laboratory Technician,30,A,Single,2,2422,2,3,A,Travel_Frequently,C,Yes
Yes,8,Research Scientist,44,A,Married,7,2559,1,8,A,Travel_Rarely,C,No
Yes,4,Research Scientist,27,A,Single,3,2478,2,4,A,Travel_Rarely,C,No
Yes,17,Sales Executive,37,B,Married,0,9602,0,3,B,Travel_Rarely,C,No
No,12,Healthcare Representative,40,B,Divorced,3,6513,3,5,B,Travel_Rarely,C,No
Yes,19,Sales Representative,48,A,Married,7,2655,7,9,C,Travel_Frequently,C,Yes
Yes,4,Sales Executive,31,B,Married,2,4559,2,2,B,Travel_Rarely,A,Yes
Yes,12,Research Scientist,41,B,Divorced,2,5467,3,6,C,Travel_Frequently,C,No
Yes,15,Sales Executive,35,B,Married,7,8966,7,7,D,Travel_Rarely,C,No
Yes,10,Research Scientist,35,A,Divorced,2,2022,8,10,B,Travel_Frequently,C,Yes
No,10,Laboratory Technician,30,B,Married,2,4627,7,9,B,Travel_Rarely,B,No
No,1,Laboratory Technician,19,A,Single,0,1102,0,1,A,Travel_Rarely,B,Yes
No,5,Research Scientist,29,A,Married,0,2451,0,1,C,Travel_Rarely,D,No
No,10,Sales Executive,35,C,Single,7,8789,8,10,A,Travel_Frequently,C,No
Yes,3,Sales Representative,21,A,Single,2,2174,2,3,A,Travel_Frequently,B,Yes
Yes,10,Laboratory Technician,29,A,Single,9,4723,5,10,A,Travel_Rarely,C,No
Yes,22,Research Director,49,E,Single,2,18665,2,3,A,Travel_Frequently,C,No
No,14,Research Scientist,33,A,Married,8,3143,6,10,B,Travel_Rarely,D,No
No,14,Manager,34,C,Single,10,11631,8,11,A,Travel_Rarely,B,No
No,8,Laboratory Technician,36,A,Single,1,2153,7,8,A,Travel_Frequently,C,No
No,2,Laboratory Technician,21,A,Single,2,2625,2,2,A,Travel_Frequently,B,Yes
No,16,Research Director,54,C,Married,3,13549,3,4,B,Travel_Rarely,C,No
No,10,Healthcare Representative,30,B,Married,0,5294,7,7,B,Travel_Rarely,D,No
No,5,Research Scientist,26,A,Married,4,2368,3,5,A,Travel_Rarely,B,No
No,3,Human Resources,24,A,Married,2,2145,1,2,B,Travel_Frequently,C,No
Yes,6,Research Scientist,44,A,Single,3,2436,2,4,A,Travel_Rarely,C,No
No,17,Research Scientist,47,A,Married,5,3420,2,6,B,Travel_Rarely,C,No
No,10,Healthcare Representative,31,B,Married,0,5582,8,9,B,Travel_Rarely,B,No
No,9,Laboratory Technician,30,A,Married,3,2097,4,5,B,Non-Travel,C,No
No,9,Healthcare Representative,33,B,Divorced,7,5968,8,9,D,Travel_Frequently,C,No
No,4,Laboratory Technician,32,A,Divorced,0,2314,2,3,B,Non-Travel,C,No
Yes,13,Manufacturing Director,36,B,Divorced,2,8847,2,3,B,Travel_Rarely,B,No
No,19,Healthcare Representative,48,B,Single,2,4240,2,2,A,Travel_Rarely,B,No
Yes,2,Laboratory Technician,28,A,Married,2,3867,2,2,B,Travel_Frequently,B,No
No,7,Manufacturing Director,37,B,Divorced,5,5993,7,7,B,Travel_Rarely,B,No
No,20,Healthcare Representative,49,B,Married,2,6651,2,3,B,Travel_Rarely,C,No
Yes,7,Research Scientist,30,A,Married,2,2132,1,5,A,Travel_Rarely,C,Yes
Yes,6,Research Scientist,24,A,Single,3,3760,3,6,A,Travel_Frequently,C,No
Yes,1,Sales Representative,34,A,Married,1,2220,0,1,B,Travel_Rarely,C,No
Yes,1,Laboratory Technician,28,A,Married,1,2408,0,1,D,Travel_Rarely,C,Yes
No,9,Research Director,31,C,Divorced,2,13675,2,2,B,Travel_Frequently,C,No
No,16,Research Scientist,35,B,Married,15,5208,10,16,A,Travel_Rarely,D,No
No,8,Human Resources,36,A,Married,2,2143,4,5,B,Travel_Rarely,C,No
No,7,Research Scientist,59,A,Married,0,2177,0,1,B,Travel_Rarely,B,No
Yes,24,Research Director,46,E,Divorced,1,19328,2,2,B,Travel_Rarely,C,No
No,10,Laboratory Technician,35,B,Single,2,4425,2,6,A,Travel_Frequently,C,No
Yes,9,Sales Executive,38,C,Divorced,7,8740,7,8,C,Travel_Rarely,B,No
Yes,4,Sales Executive,30,B,Married,2,4736,2,2,B,Non-Travel,C,No
No,11,Manufacturing Director,42,B,Divorced,3,5265,2,5,B,Non-Travel,C,No
No,6,Laboratory Technician,25,A,Married,2,4031,2,2,B,Travel_Rarely,C,Yes
No,25,Healthcare Representative,45,C,Married,15,10748,4,23,B,Non-Travel,B,No
No,13,Healthcare Representative,38,B,Divorced,3,6288,2,4,B,Travel_Frequently,B,No
No,9,Manufacturing Director,31,B,Single,4,5238,4,5,A,Travel_Frequently,C,No
Yes,15,Manager,33,C,Married,6,13610,7,7,A,Travel_Rarely,C,Yes
No,12,Laboratory Technician,52,A,Married,4,2950,4,5,A,Travel_Rarely,C,No
No,21,Manager,39,E,Single,0,19431,3,6,A,Non-Travel,C,No
No,6,Research Scientist,29,A,Single,2,2201,2,3,A,Travel_Rarely,C,No
No,9,Manufacturing Director,34,B,Divorced,7,4724,2,9,B,Travel_Frequently,D,No
Yes,23,Sales Executive,41,C,Divorced,14,10447,5,22,B,Travel_Rarely,C,No
No,6,Laboratory Technician,35,A,Single,4,4230,3,5,A,Travel_Rarely,A,No
Yes,8,Sales Executive,28,B,Married,7,4779,5,8,A,Travel_Rarely,C,No
Yes,28,Research Director,50,E,Married,3,18172,7,8,A,Travel_Frequently,C,No
No,14,Research Scientist,54,B,Married,1,6854,7,7,B,Travel_Rarely,C,No
No,4,Human Resources,34,A,Married,2,3737,2,3,B,Travel_Rarely,C,No
No,1,Laboratory Technician,35,A,Married,0,2690,1,1,B,Travel_Rarely,B,No
Yes,10,Sales Executive,43,B,Married,9,7847,8,10,B,Travel_Rarely,C,No
No,14,Healthcare Representative,42,B,Single,0,6781,0,1,A,Travel_Rarely,B,No
Yes,30,Healthcare Representative,49,D,Married,11,13966,12,15,B,Travel_Rarely,B,No
No,16,Manufacturing Director,49,B,Married,11,6567,11,15,A,Travel_Rarely,C,No
Yes,12,Laboratory Technician,55,B,Married,7,5415,8,10,B,Travel_Rarely,C,No
No,8,Sales Executive,32,B,Divorced,2,4403,3,5,B,Travel_Rarely,C,No
Yes,26,Manager,47,D,Married,14,16752,0,26,B,Travel_Rarely,C,No
No,4,Sales Executive,25,B,Married,2,4851,2,3,B,Travel_Rarely,D,No
Yes,2,Laboratory Technician,28,A,Single,2,3441,2,2,A,Travel_Rarely,C,Yes
No,28,Sales Executive,53,D,Married,0,11836,2,2,B,Travel_Rarely,C,No
No,8,Sales Executive,27,B,Married,7,6214,7,8,B,Travel_Rarely,C,No
Yes,18,Sales Executive,36,B,Married,14,6201,11,18,B,Travel_Rarely,C,No
Yes,11,Sales Executive,47,B,Married,4,4591,2,5,B,Travel_Rarely,C,No
No,17,Laboratory Technician,44,B,Married,2,2042,2,3,B,Non-Travel,C,No
No,9,Research Scientist,32,B,Married,3,5175,3,5,B,Travel_Rarely,D,No
No,4,Laboratory Technician,29,A,Single,2,3983,2,3,A,Travel_Rarely,B,No
No,33,Manufacturing Director,54,C,Divorced,4,10502,4,5,B,Travel_Frequently,C,No
No,6,Research Scientist,27,A,Married,3,2226,2,5,B,Travel_Rarely,C,No
Yes,2,Sales Representative,20,A,Single,2,2323,2,2,A,Travel_Frequently,C,Yes
No,5,Research Scientist,27,A,Divorced,3,2517,3,5,D,Travel_Rarely,C,No
Yes,10,Healthcare Representative,35,B,Married,6,4014,7,10,B,Travel_Rarely,C,No
Yes,17,Laboratory Technician,42,B,Married,3,5231,3,5,B,Travel_Rarely,D,No
Yes,3,Research Scientist,30,A,Single,0,2285,0,1,A,Travel_Frequently,C,Yes
No,4,Sales Executive,32,B,Single,0,4648,0,0,A,Travel_Frequently,C,No
Yes,3,Sales Representative,31,A,Single,2,2302,2,3,A,Travel_Frequently,C,Yes
Yes,18,Research Scientist,42,B,Married,0,2372,0,1,A,Travel_Rarely,D,No
No,5,Sales Executive,26,B,Single,3,4684,2,5,A,Travel_Rarely,C,No
No,5,Sales Executive,28,B,Married,3,4724,4,5,B,Travel_Rarely,B,No
Yes,9,Sales Executive,34,B,Married,2,8103,1,4,A,Travel_Rarely,B,No
Yes,10,Research Director,37,C,Divorced,8,12185,7,10,D,Travel_Frequently,C,No
Yes,3,Laboratory Technician,58,A,Divorced,0,2380,0,1,B,Travel_Frequently,B,Yes
No,15,Laboratory Technician,34,B,Married,10,3986,13,15,B,Travel_Rarely,B,No
No,17,Healthcare Representative,46,C,Divorced,2,9396,3,4,B,Travel_Rarely,C,No
No,10,Research Scientist,30,A,Married,0,2862,8,10,B,Travel_Rarely,C,No
Yes,21,Manufacturing Director,39,C,Single,6,10880,8,21,A,Travel_Frequently,C,No
No,6,Laboratory Technician,28,A,Divorced,1,2367,3,4,B,Travel_Rarely,B,Yes
Yes,1,Laboratory Technician,38,A,Married,0,1702,0,1,B,Travel_Frequently,C,No
No,10,Laboratory Technician,32,B,Married,8,5309,7,10,C,Travel_Frequently,C,No
No,5,Research Scientist,28,A,Single,3,2144,4,5,A,Non-Travel,C,No
No,10,Research Scientist,32,A,Married,2,3433,3,5,B,Travel_Frequently,C,No
No,1,Sales Representative,30,A,Married,0,2033,0,1,B,Travel_Frequently,B,Yes
No,0,Research Scientist,21,A,Single,0,1232,0,0,A,Travel_Rarely,C,No
No,22,Manager,40,D,Divorced,7,16823,16,19,B,Travel_Rarely,C,No
Yes,8,Healthcare Representative,40,B,Divorced,2,4069,2,2,A,Non-Travel,C,No
Yes,10,Laboratory Technician,45,B,Single,7,5769,4,10,A,Travel_Rarely,A,No
Yes,15,Healthcare Representative,38,B,Married,0,5811,0,1,B,Travel_Rarely,A,No
Yes,1,Laboratory Technician,20,A,Single,0,2926,0,1,A,Travel_Frequently,B,Yes
Yes,10,Laboratory Technician,29,B,Single,5,4193,8,9,A,Travel_Rarely,B,No
No,28,Manager,56,E,Divorced,2,19943,2,5,B,Travel_Rarely,C,No
No,1,Human Resources,27,A,Married,0,2863,0,1,A,Travel_Frequently,B,Yes
Yes,16,Research Director,37,C,Married,11,13744,8,16,B,Travel_Rarely,D,No
Yes,9,Laboratory Technician,34,B,Single,7,6074,6,9,A,Travel_Frequently,A,Yes
Yes,9,Manufacturing Director,54,B,Single,2,4440,4,5,A,Travel_Rarely,C,No
No,12,Manufacturing Director,46,B,Divorced,3,7379,4,6,B,Travel_Rarely,C,No
No,10,Sales Executive,30,B,Married,3,6578,4,10,B,Travel_Rarely,B,No
No,6,Sales Executive,32,B,Married,2,4707,2,4,A,Non-Travel,D,Yes
No,10,Healthcare Representative,31,B,Single,9,6812,8,10,A,Travel_Rarely,B,No
Yes,1,Laboratory Technician,22,A,Divorced,0,2935,0,1,C,Non-Travel,D,No
Yes,14,Sales Executive,42,B,Divorced,0,5087,0,0,C,Travel_Rarely,C,No
Yes,35,Manager,55,E,Married,9,19636,4,10,B,Travel_Rarely,D,No
Yes,7,Research Scientist,41,A,Married,2,2127,3,4,A,Travel_Rarely,D,No
No,6,Research Scientist,44,A,Single,0,2290,0,0,A,Non-Travel,A,No
Yes,3,Sales Representative,23,A,Divorced,2,2275,2,3,B,Travel_Rarely,C,Yes
No,1,Research Scientist,26,A,Married,0,2061,0,1,A,Travel_Rarely,C,No
Yes,5,Laboratory Technician,26,A,Divorced,2,2373,2,3,B,Travel_Rarely,C,Yes
No,15,Manufacturing Director,36,C,Single,8,8858,8,14,A,Travel_Rarely,B,No
No,6,Sales Executive,26,B,Married,3,6272,4,5,C,Travel_Rarely,C,No
Yes,3,Research Scientist,28,A,Divorced,1,2703,2,3,B,Travel_Frequently,B,No
No,7,Laboratory Technician,44,A,Single,2,3162,3,5,A,Non-Travel,B,No
No,7,Sales Executive,37,B,Married,4,6502,1,5,B,Travel_Rarely,C,No
Yes,2,Research Scientist,36,A,Married,0,3388,0,1,B,Travel_Rarely,B,Yes
Yes,0,Sales Representative,19,A,Single,0,1675,0,0,A,Travel_Rarely,C,Yes
No,9,Healthcare Representative,39,C,Married,7,9991,7,7,B,Travel_Rarely,B,No
No,5,Sales Representative,27,A,Divorced,3,3041,2,4,B,Travel_Rarely,C,Yes
No,36,Manager,55,E,Married,6,19586,13,36,B,Travel_Rarely,B,No
No,14,Research Director,47,C,Married,8,11957,12,13,C,Non-Travel,C,No
Yes,8,Research Scientist,26,A,Married,7,2366,7,8,B,Travel_Frequently,B,Yes
Yes,25,Research Director,50,D,Married,2,16880,2,3,A,Travel_Rarely,C,No
No,19,Healthcare Representative,60,C,Divorced,0,10883,0,1,B,Travel_Rarely,A,No
No,29,Healthcare Representative,49,C,Divorced,7,10466,7,8,C,Travel_Rarely,C,No
No,7,Laboratory Technician,37,A,Single,5,3500,3,6,A,Non-Travel,D,No
No,10,Research Scientist,44,A,Married,5,2011,7,10,B,Travel_Rarely,D,No
No,7,Sales Executive,43,B,Married,7,5675,7,7,B,Travel_Frequently,C,No
No,12,Healthcare Representative,45,B,Single,2,5399,3,4,A,Travel_Frequently,C,No
No,34,Manufacturing Director,53,C,Married,7,10169,9,33,B,Travel_Rarely,B,Yes
No,5,Research Scientist,33,A,Single,2,3452,2,3,A,Travel_Rarely,C,No
No,10,Manufacturing Director,35,C,Single,2,9362,2,2,A,Travel_Frequently,C,No
Yes,19,Research Scientist,46,B,Divorced,13,4615,7,16,D,Travel_Rarely,B,No
No,17,Healthcare Representative,37,B,Divorced,0,5163,0,1,B,Non-Travel,B,No
No,9,Sales Executive,39,C,Single,7,7880,7,8,A,Travel_Rarely,D,No
No,8,Laboratory Technician,43,A,Divorced,4,4876,2,6,B,Travel_Rarely,D,No
No,13,Sales Executive,59,B,Single,1,5171,5,6,A,Travel_Rarely,B,No
No,10,Laboratory Technician,35,B,Married,7,5363,0,9,B,Travel_Rarely,B,No
Yes,12,Sales Representative,34,A,Married,10,2308,7,11,B,Travel_Rarely,C,No
Yes,5,Laboratory Technician,35,A,Divorced,2,3743,2,4,B,Travel_Rarely,B,Yes
No,2,Sales Representative,29,A,Divorced,2,2297,2,2,C,Travel_Rarely,C,No
Yes,5,Laboratory Technician,28,A,Single,2,2154,2,4,A,Travel_Frequently,C,No
Yes,4,Research Scientist,31,A,Single,2,2321,2,3,A,Non-Travel,B,Yes
No,5,Research Scientist,28,A,Single,2,2080,2,3,A,Travel_Rarely,C,No
Yes,5,Sales Executive,25,B,Single,4,4487,3,5,A,Travel_Rarely,B,No
Yes,33,Manager,51,D,Divorced,9,14026,10,33,B,Travel_Rarely,C,No
No,13,Manufacturing Director,31,C,Divorced,8,10648,8,13,B,Travel_Rarely,C,No
No,8,Research Scientist,40,A,Single,2,2809,2,2,A,Travel_Rarely,B,No
No,14,Research Director,43,D,Married,10,17603,11,14,B,Travel_Rarely,B,No
No,1,Research Scientist,34,A,Single,0,2972,0,1,A,Travel_Rarely,C,No
No,16,Laboratory Technician,36,A,Married,13,3210,11,15,B,Travel_Rarely,C,No
No,26,Research Director,47,D,Married,17,17169,6,20,C,Travel_Rarely,C,No
Yes,2,Research Scientist,21,A,Single,2,2070,2,2,A,Travel_Rarely,B,No
No,12,Manager,33,C,Married,6,11878,8,10,C,Travel_Frequently,C,No
No,6,Research Scientist,25,A,Single,3,3424,1,4,A,Travel_Rarely,D,No
No,10,Sales Executive,30,C,Married,8,8412,8,9,A,Non-Travel,C,No
No,10,Sales Executive,29,C,Married,4,7639,9,10,D,Travel_Rarely,C,Yes
Yes,12,Sales Executive,39,B,Married,0,5238,0,1,A,Travel_Rarely,C,Yes
Yes,7,Research Scientist,32,A,Divorced,2,3298,5,6,C,Travel_Rarely,D,No
No,8,Sales Executive,26,B,Divorced,0,4306,0,0,C,Travel_Rarely,C,No
Yes,8,Sales Executive,38,B,Divorced,0,5605,7,8,B,Travel_Rarely,D,No
No,9,Sales Executive,27,C,Single,8,8726,7,9,A,Travel_Frequently,C,No
No,8,Laboratory Technician,26,A,Single,7,3578,7,7,A,Travel_Rarely,D,No
No,3,Human Resources,28,A,Divorced,2,2706,2,3,B,Non-Travel,C,No
No,9,Laboratory Technician,38,A,Married,1,2468,5,6,B,Travel_Frequently,B,No
No,24,Research Director,44,D,Married,6,16328,17,20,B,Travel_Rarely,C,No
Yes,19,Sales Executive,38,B,Single,0,6861,0,1,A,Travel_Rarely,C,No
Yes,16,Healthcare Representative,35,C,Divorced,10,10388,1,16,B,Travel_Rarely,C,No
No,11,Healthcare Representative,53,C,Married,3,7005,2,4,A,Travel_Rarely,D,No
Yes,32,Research Director,58,E,Married,8,19701,5,9,B,Travel_Rarely,C,No
No,5,Research Scientist,24,A,Married,3,4401,4,5,B,Travel_Rarely,D,No
Yes,8,Research Scientist,27,A,Single,2,2394,7,8,A,Travel_Rarely,C,Yes
No,13,Manufacturing Director,34,B,Married,9,5957,9,11,B,Travel_Rarely,B,No
No,21,Manager,42,D,Married,7,16799,9,20,B,Travel_Rarely,C,No
Yes,6,Sales Executive,28,B,Single,0,9854,2,2,A,Travel_Rarely,C,Yes
No,0,Laboratory Technician,18,A,Single,0,1904,0,0,A,Non-Travel,C,Yes
No,18,Healthcare Representative,52,C,Single,6,10445,0,8,A,Travel_Rarely,C,No
No,36,Manager,54,D,Married,8,17426,7,10,B,Travel_Rarely,C,No
No,10,Sales Executive,36,C,Single,7,7587,9,10,A,Non-Travel,B,No
No,10,Healthcare Representative,34,C,Divorced,7,8500,6,9,B,Travel_Rarely,C,No
No,10,Manufacturing Director,31,C,Married,9,8943,9,10,B,Travel_Frequently,B,No
No,10,Healthcare Representative,44,C,Married,7,7978,5,10,B,Travel_Rarely,C,Yes
No,13,Sales Representative,37,A,Divorced,8,2793,8,9,B,Travel_Frequently,C,No
No,13,Laboratory Technician,33,A,Married,7,2707,7,9,A,Travel_Rarely,C,Yes
No,12,Sales Executive,30,C,Divorced,7,7140,7,7,B,Travel_Rarely,B,No
No,10,Research Scientist,42,A,Married,3,2936,3,6,C,Non-Travel,C,No
No,8,Sales Executive,33,B,Married,2,6392,2,2,B,Travel_Rarely,C,No
No,1,Laboratory Technician,20,A,Single,0,2973,0,1,A,Travel_Rarely,C,Yes
No,4,Sales Executive,28,B,Single,2,4908,2,4,A,Travel_Rarely,C,No
No,10,Sales Executive,33,B,Single,4,5487,9,10,A,Travel_Rarely,C,No
No,23,Research Director,46,E,Divorced,2,19627,2,2,C,Travel_Rarely,C,No
Yes,8,Research Scientist,33,A,Married,7,2909,0,8,A,Travel_Frequently,C,No
No,4,Manufacturing Director,43,B,Divorced,0,4765,0,1,B,Travel_Rarely,C,No
Yes,16,Research Scientist,37,B,Married,3,4284,4,5,B,Travel_Rarely,C,No
No,14,Sales Executive,51,C,Married,2,10596,2,4,A,Travel_Frequently,C,No
Yes,22,Manufacturing Director,50,D,Married,11,13973,5,12,B,Travel_Rarely,C,No
No,10,Manufacturing Director,31,B,Single,4,9936,7,9,A,Non-Travel,C,No
No,3,Laboratory Technician,27,A,Married,2,4621,2,3,D,Non-Travel,A,No
No,8,Sales Executive,49,B,Single,1,4507,4,5,A,Travel_Rarely,C,No
No,23,Manager,42,D,Married,6,17665,7,22,B,Travel_Rarely,C,No
No,26,Manager,44,E,Divorced,9,19190,13,25,C,Travel_Rarely,D,No
No,13,Healthcare Representative,46,B,Married,7,8926,7,9,B,Travel_Rarely,C,Yes
No,13,Human Resources,39,B,Married,4,5204,4,5,C,Travel_Rarely,B,No
No,1,Laboratory Technician,24,A,Married,0,2127,0,1,B,Travel_Rarely,B,No
